,ruleid,rule,upi,fresp,code,function
1,1,There is a red,vcbkdskksk,they have to be with all three different colors,o,"exists(function(x1) {exists(function(x2) {exists(function(x3) {and(and(equal(x1, 'red', 'colour'), equal(x2, 'green', 'colour')), equal(x3, 'blue', 'colour'))}, X)}, X)}, X)"
2,1,There is a red,mesbxrjdpg,there has to be any amount of red and green,o,"exists(function(x1) {exists(function(x2) {and(equal(x1, 'red', 'colour'), equal(x2, 'green', 'colour'))}, X)}, X)"
3,1,There is a red,zwrcdrrtwi,there has to be at least one red and one color of each,o,"exists(function(x1) {exists(function(x2) {exists(function(x3) {and(and(equal(x1, 'red', 'colour'), equal(x2, 'green', 'colour')), equal(x3, 'blue', 'colour'))}, X)}, X)}, X)"
4,1,There is a red,hibacpjdfh,there cannot be only one of them there has to be three and they do not have to be all the same color,d,"atleast(function(x1)  {T},3,  X)"
5,1,There is a red,ovngoiiqro,you have to have red in them,c,"exists(function(x1) {equal(x1, 'red', 'colour')}, X)"
6,1,There is a red,jafwjckfvc,there has to be at least one red block,c,"exists(function(x1) {equal(x1, 'red', 'colour')}, X)"
7,1,There is a red,blrcjyghdb,you have to have two of one color and one of the other color and one of them has to be stacked on top of each other and the one that is stacked on top of it has to be a different color,d,"exists(function(x1) {exists(function(x2) {exists(function(x3){and(and(hor(x1,x2,'stacked'), not(equal(x1,x2,'colour'))), equal(x1,x3,'colour'))}, X)}, X)}, X)"
8,1,There is a red,cgilusiyxy,they cannot have two bottoms touching,d,"exists(function(x1) {exists(function(x2) {not(hor(x1,x2,'contact'))}, X)}, X)"
9,1,There is a red,wdrpuuyzji,it has to have a smaller shape on top of it in a different color,d,"exists(function(x1) {exists(function(x2) {and(and(hor(x1,x2,'stacked'), greater(x1,x2,'ypos')), less(x1,x2, 'size'))}, X)}, X)"
10,1,There is a red,yjheaxptzh,there has to be at least one red block,c,"exists(function(x1) {equal(x1, 'red', 'colour')}, X)"
11,1,There is a red,sgygmhiwae,must be one of them on top of the other one and one slanted,d,"exists(function(x1) {exists(function(x2) { exists(function(x3) { and(hor(x1,x2, 'stacked'), equal(x3,'strange', 'orientation'))}, X)}, X)}, X)"
12,1,There is a red,lwtvybinkx,one kova has to be on top of another they cannot be the same color,d,"exists(function(x1) {exists(function(x2) {and(hor(x1,x2,'stacked'), not(equal(x1,x2,'colour')))}, X)}, X)"
13,1,There is a red,hqdzvryszc,there has to be red,c,"exists(function(x1) {equal(x1, 'red', 'colour')}, X)"
14,1,There is a red,arybnplgmd,there has to be one on top of another and the other one has to be on the side somewhere,d,"exists(function(x1) {exists(function(x2) {exists(function(x3) {and(hor(x1,x2,'stacked'), not(equal(x3,x1,'xpos')))}, X)}, X)}, X)"
15,1,There is a red,veyjvlxish,they have to be on top of each other,d,"exists(function(x1) {exists(function(x2) {hor(x1,x2,'stacked')}, X)}, X)"
16,1,There is a red,zmtqpimofq,it has to be one stacked on each other with an extra one not stacked on,d,"exists(function(x1) {exists(function(x2) {exists(function(x3) {and(hor(x1,x2,'stacked'), not(equal(x3,x1,'xpos')))}, X)}, X)}, X)"
17,1,There is a red,fyyogkywea,there needs to be at least one red block,c,"exists(function(x1) {equal(x1, 'red', 'colour')}, X)"
18,1,There is a red,mkzkmzxgrf,you need the red blocks,c,"exists(function(x1) {equal(x1, 'red', 'colour')}, X)"
19,1,There is a red,reowfvdqqu,one red has to at least be in the picture,c,"exists(function(x1) {equal(x1, 'red', 'colour')}, X)"
20,1,There is a red,ywlzebnwkb,do not know,n,
21,1,There is a red,cmmvtaucbc,you have to have at least two colors on it and you need to stack a big one on top of the little one and they are both different colors and you need to have another color facing left of the tip on the floor,d,"exists(function(x1) {exists(function(x2) {exists(function(x3) {and(and(and(and(and(and(and(hor(x1,x2,'stacked' ), not(equal(x1,x2,'colour'))), greater(x1,x2,'size')), less(x1,x2, 'ypos')), not(equal(x1,x3,'colour'))), not(equal(x2,x3,'colour'))), equal(x3,'lhs', 'orientation')), equal(x3, 'yes', 'grounded'))}, X)}, X)}, X)"
22,1,There is a red,rxnythfslb,you have to stack them,d,"exists(function(x1) {exists(function(x2) {hor(x1,x2,'stacked')}, X)}, X)"
23,1,There is a red,dhpdbgcmjp,one is on top of the other,d,"exists(function(x1) {exists(function(x2) {hor(x1,x2,'stacked')}, X)}, X)"
24,1,There is a red,umjngnkkko,at least two has to be facing up or one or two can be facing down,d,"atleast(function(x1)  { exists(function(x2) {or(equal(x1, 'upright', 'orientation'),  equal(x2,'strange','orientation'))}, X)},2,  X)"
25,1,There is a red,shvmpeoloq,there has to be at least one red piece and one green piece,o,"exists(function(x1) {exists(function(x2) {and(equal(x1,'red','colour'), equal(x2,'green','colour'))}, X)}, X)"
26,1,There is a red,qosdofjwwl,there has to be three pieces ,d,"exactly(function(x1){T}, 3, X)"
27,1,There is a red,djldhhbvei,there needs to be a red one in all of them they have to have one of them touching another one,o,"exists(function(x1) {exists(function(x2) {exists(function(x3) {and(equal(x1, 'red', 'colour'), hor(x2,x3,'contact'))}, X)}, X)}, X)"
28,1,There is a red,wtoxeowgar,there has to be some that are lying down there also has to be at least one that is standing up,d,"exists(function(x1) {exists(function(x2) {and(not(equal(x1,'upright','orientation')), equal(x2,'upright','orientation'))}, X)}, X)"
29,1,There is a red,mqxmdwvlai,there has to be at least one red,c,"exists(function(x1) {equal(x1, 'red', 'colour')}, X)"
30,1,There is a red,jgruymmhtv,you have to use at least three of the blocks,d,"atleast(function(x1){T}, 3, X)"
31,1,There is a red,alyxzksgke,there has to be two are different colors and one that is the same color as the one on the bottom and the one that is not stacked is the smallest one,d,"exists(function(x1) {exists(function(x2) {exists(function(x3) {forall(function (x4) { and(and(and(and(hor(x1,x2,'stacked'), not(equal(x1,x2,'colour'))), equal(x1,x3, 'colour')), less(x3,x4,'size')), not(equal(x3,x4,'object')))}, X)}, X)}, X)}, X)"
32,1,There is a red,guldlbnobg,a certain number of how many colors there are,v,
33,1,There is a red,kgelyqjiet,all of them have to be slanted,d,"forall(function(x1) {not(equal(x1,'upright','orientation'))}, X)"
34,1,There is a red,hxdomhiend,each shape contains a certain amount,v,
35,1,There is a red,tdozurlsah,they stack on each other to make the stars come out,d,"exists(function(x1) {exists(function(x2) {hor(x1,x2,'stacked')}, X)}, X)"
36,1,There is a red,yxvfdkoyfy,you can do whatever you want but you just have to stack them up,d,"exists(function(x1) {exists(function(x2) {hor(x1,x2,'stacked')}, X)}, X)"
37,1,There is a red,xbrfrfvylp,red is going to be big and blue is going to be medium and green is going to be small,v,"exists(function(x1) {exists(function(x2) {exists(function(x3) {and(and(and(and(and(equal(x1,'red','colour'), equal(x2,'green','colour')), equal(x3,'blue','colour')),equal(x1,3,'size')), equal(x2,2,'size')), equal(x1,1,'size'))}, X)}, X)}, X)"
38,1,There is a red,azojgnqhin,one has to be on top of each other and there needs to be one that is not touching anything,d,"exists(function(x1) {exists(function(x2) {exists(function(x3){ forall(function(x4) {and(hor(x1,x2,'stacked'), not(hor(x3,x4,'contact')))}, X)}, X)}, X)}, X)"
39,1,There is a red,ncfdqtjgzx,the color red has to be in them,c,"exists(function(x1) {equal(x1, 'red', 'colour')}, X)"
40,1,There is a red,zlosupqcpk,there has to be two of the same color they cannot be the same size and the other kova that is a different color has to be touching one of them,d,"exists(function(x1) {exists(function(x2) {exists(function(x3) {and(and(and(equal(x1,x2,'colour'), not(equal(x1,x2,'size'))), not(equal(x1,x3,'colour'))), or(hor(x1,x3,'contact'), hor(x2,x3,'contact')))}, X)}, X)}, X)"
41,1,There is a red,idctlavwmn,there has to be a red one,c,"exists(function(x1) {equal(x1, 'red', 'colour')}, X)"
42,1,There is a red,wswqcsomwl,there has to be one kova with another one on it and one another one by side also the kova on top has to be a different color than the one it is on,d,"exactly(function(x1) {exactly(function(x2) {exists(function(x3) {and(and(hor(x1,x2,'stacked'), not(equal(x1,x2,'colour'))), not(hor(x1,x3,'stacked')))}, X)}, 1, X)}, 1, X)"
43,1,There is a red,ocxraeygfp,at least two of the tigs need to touch,d,"exists(function(x1) {exists(function(x2) {hor(x1,x2,'contact')}, X)}, X)"
44,1,There is a red,asqvqojvif,there needs to be a green and a red special block,o,"exists(function(x1) {exists(function(x2) {and(equal(x1,'red','colour'), equal(x2,'green','colour'))}, X)}, X)"
45,1,There is a red,jfzfqqzvmb,one medium pimwit has to be on top of the large pimwit and there has to be one small one to the side not on top,d,"exists(function(x1) {exists(function(x2) {exists(function(x3) {and(and(and(and(equal(x1,3,'size'), equal(x2,2,'size')), equal(x3,1,'size')), hor(x1,x2,'stacked')), not(equal(x1,x3,'xpos')))}, X)}, X)}, X)"
46,1,There is a red,onlemdbnfq,there has to be a block on top of another block and there has to be .either a smaller or bigger block,d,"exists(function(x1) {exists(function(x2) {exists(function(x3) {and(hor(x1,x2,'stacked'), or(not(equal(x1,x3,'size')), not(equal(x2,x3,'size'))))}, X)}, X)}, X)"
47,1,There is a red,aslbalavqe,you need to use red,c,"exists(function(x1) {equal(x1, 'red', 'colour')}, X)"
48,2,all are the same size,mesbxrjdpg,there has to be two greens and one red and they have to be the same size,o,"forall(function(x1) {forall(function(x2) {exactly(function(x3) {exactly(function(x4) {and(and(equal(x1,x2,'size'), equal(x3, 'green','colour')), equal(x4,'red','colour'))}, 1, X)}, 2, X)},  X)}, X)"
49,2,all are the same size,zwrcdrrtwi,there cannot be any pimwits if there are one big blue and one medium blue,d,"forall(function(x1) {forall(function(x2) { or(not(and(equal(x1,'blue','colour'), equal(x1,3,'size'))), not(and(equal(x2,'blue','colour'), equal(x2,2,'size')))) }, X)}, X)"
50,2,all are the same size,hibacpjdfh,they can all be the same size and they do not have to be facing the same direction and they can be one two or three,o,"forall(function(x1) {forall(function(x2) {exists(function(x3) {atmost(function(x4) {equal(x1,x2,'size')}, 3, X)},  X)}, X)}, X)"
51,2,all are the same size,ovngoiiqro,you can only put them upright,d,"forall(function(x1) {equal(x1,'upright','orientation')}, X)"
52,2,all are the same size,jafwjckfvc,there has to be two of the same color and the same size and one of a different color and the same size,o,"exactly(function(x1){exists(function(x2){exactly(function(x3){and(and(and(and(equal(x1,x2,'colour'), equal(x1,x2, 'size')), not(equal(x1,x2,'object'))), equal(x1,x3,'size')), not(equal(x1,x3,'colour')))}, 1, X)}, X)}, 2, X)"
53,2,all are the same size,cgilusiyxy,all of them have to be sitting up,d,"forall(function(x1) {equal(x1,'upright','orientation')}, X)"
54,2,all are the same size,wdrpuuyzji,they have to all be the same size,c,"forall(function(x1) {forall(function(x2) {equal(x1,x2,'size')}, X)}, X)"
55,2,all are the same size,yjheaxptzh,they have to all be standing,d,"forall(function(x1) {equal(x1,'upright','orientation')}, X)"
56,2,all are the same size,sgygmhiwae,they all just have to be standing there,d,"forall(function(x1) {equal(x1,'upright','orientation')}, X)"
57,2,all are the same size,lwtvybinkx,there is two of one color and one of one color and two different colors has to sit together on one side and one of the matching colors has to sit on the opposite side,d,"exactly(function(x1) {exists(function(x2) {exactly(function(x3) {and(and(and(equal(x1,x2,'colour'), not(equal(x1,x3,'colour'))), not(equal(x1,x2,'object'))), or( and(less(x1,4,'xpos'),greater(x2,4,'xpos')), and(greater(x1,4,'xpos'),less(x2,4,'xpos')) ))}, 1, X)},  X)}, 2, X)"
58,2,all are the same size,hqdzvryszc,they all have to be the same size,c,"forall(function(x1) {forall(function(x2) {equal(x1,x2,'size')}, X)}, X)"
59,2,all are the same size,dbkujocwxr,do not know,n,
60,2,all are the same size,yrwbanxlsw,they all have to be similar to the example,v,
61,2,all are the same size,arybnplgmd,they each have to be separate but next to each other in some way,v,"forall(function(x1) {forall(function(x2) {not(hor(x1,x2,'contact'))}, X)}, X)"
62,2,all are the same size,veyjvlxish,two have to be next to each other and one far away,d,"atleast(function(x1) {T}, 3, X)"
63,2,all are the same size,zmtqpimofq,they all are supposed to be standing,d,"forall(function(x1) {equal(x1,'upright','orientation')}, X)"
64,2,all are the same size,fyyogkywea,blocks of the same color cannot touch,d,"forall(function(x1) {forall(function(x2) {or(not(hor(x1,x2,'contact')), not(equal(x1,x2,'colour')))}, X)}, X)"
65,2,all are the same size,mkzkmzxgrf,you have to use a lot of the larger ones,d,"atleast(function(x1) {equal(x1,3,'size')}, 2, X)"
66,2,all are the same size,reowfvdqqu,the red has to be right side up,d,"forall(function(x1) {or(and(equal(x1,'red','colour'), equal(x1,'upright','orientation')), not(equal(x1,'red','colour')))}, X)"
67,2,all are the same size,ywlzebnwkb,do not know,n,
68,2,all are the same size,rxnythfslb,they all have to be different some are sideways and some are straight up,d,"forall(function(x1) {forall(function(x2) { exists(function(x3) {and(or(or(not(equal(x1,x2,'size')), not(equal(x1,x2,'colour'))), equal(x1,x2,'object')), not(equal(x3,'upright','orientation')))}, X)}, X)}, X)"
69,2,all are the same size,dhpdbgcmjp,they are not touching and they are all different colors,d,"forall(function(x1) {forall(function(x2) { and(not(hor(x1,x2,'contact')), or(not(equal(x1,x2,'colour')),  equal(x1,x2,'object')))}, X)}, X)"
70,2,all are the same size,umjngnkkko,the yoks have to be straight up,d,"forall(function(x1) {equal(x1,'upright','orientation')}, X)"
71,2,all are the same size,shvmpeoloq,they have to have more than one color and they have to have more than two pieces possibly one has to be pointing up,d,"exists(function(x1) {exists(function(x2) {atleast(function(x3) {not(equal(x1,x2,'colour'))}, 3, X)}, X)}, X)"
72,2,all are the same size,qosdofjwwl,two of one color one of another and they all have to be the same size,o,"forall(function(x1) {forall(function(x2) {exactly(function(x3) {exists(function(x4){exactly(function(x5){and(and(and(equal(x1,x2,'size'), equal(x3,x4, 'colour')), not(equal(x4,x5, 'colour'))), not(equal(x3,x4,'object')))}, 1, X)},  X)}, 2, X)}, X)}, X)"
73,2,all are the same size,djldhhbvei,there needs to be three big ones,u,"atleast(function(x1) {equal(x1,3,'size') }, 3, X)"
74,2,all are the same size,mqxmdwvlai,they all have to be the same size and they all have to be standing up,o,"forall(function(x1) {forall(function(x2) {and(equal(x1,x2,'size'), equal(x1,'upright','orientation'))}, X)}, X)"
75,2,all are the same size,jgruymmhtv,you cannot stack them on top of each other and they all have to be the same size but not the same color,o,"forall(function(x1) {forall(function(x2) {and(equal(x1,x2,'size'), not(hor(x1,x2,'stacked')))}, X)}, X)"
76,2,all are the same size,alyxzksgke,three blocks of the same size,o,"forall(function(x1){forall(function(x2){ exactly(function(x3) {equal(x1,x2,'size')},  3, X)},  X)},  X)"
77,2,all are the same size,guldlbnobg,how many are completely standing up,v,
78,2,all are the same size,kgelyqjiet,they have to be the same size,c,"forall(function(x1) {forall(function(x2) {equal(x1,x2,'size')}, X)}, X)"
79,2,all are the same size,hxdomhiend,not that much use,n,
80,2,all are the same size,tdozurlsah,none of them should be facing out,d,"forall(function(x1) {and(not(equal(x1,'rhs','orientation')), not(equal(x1,'lhs','orientation')))},  X)"
81,2,all are the same size,ciwzlkkruo,all vertical when they are together they have to be the same size,o,"forall(function(x1) {forall(function(x2) {and(equal(x1,x2,'size'), equal(x1,'orientation','upright'))}, X)}, X)"
82,2,all are the same size,yxvfdkoyfy,you can do it however you can and you can still make it into a pattern,v,"forall(function(x1) {T}, X)"
83,2,all are the same size,xbrfrfvylp,they all have to be in the same side or same shape,d,"forall(function(x1) {forall(function(x2) {or(and(equal(x1,x2,'size'),equal(x1,x2,'colour')), equal(x1,x2,'orientation'))}, X)}, X)"
84,2,all are the same size,azojgnqhin,they must form a pattern and they all must be of the same size,o,"forall(function(x1) {forall(function(x2) {equal(x1,x2,'size')}, X)}, X)"
85,2,all are the same size,ncfdqtjgzx,at least bigs,v,"exists(function(x1) {grequal(x1,3,'size')}, X)"
86,2,all are the same size,zlosupqcpk,they all have to be the same size and two of the tigs have to be the same color,o,"forall(function(x1) {forall(function(x2) {exactly(function(x3) {exists(function(x4) {and(and(equal(x1,x2,'size'), equal(x3,x4,'colour')), not(equal(x3,x4,'object')))}, X)}, 2, X)}, X)}, X)"
87,2,all are the same size,idctlavwmn,all the bemmies have to be the same size,c,"forall(function(x1) {forall(function(x2) {equal(x1,x2,'size')}, X)}, X)"
88,2,all are the same size,wswqcsomwl,they have to be the same size,c,"forall(function(x1) {forall(function(x2) {equal(x1,x2,'size')}, X)}, X)"
89,2,all are the same size,dovkssrwtq,two triangles have to be same color and one has to be a different color,d,"exactly(function(x1) {exists(function(x2){exactly(function(x3){and(and(equal(x1,x2, 'colour'), not(equal(x2,x3, 'colour'))), not(equal(x1,x2,'object')))}, 1, X)},  X)}, 2, X)"
90,2,all are the same size,ocxraeygfp,at least two of the same size yoks have to be touched but they have to be different colors,d,"exists(function(x1){exists(function(x2){and(and(hor(x1,x2,'contact'), equal(x1,x2,'size')), not(equal(x1,x2,'colour')))}, X)}, X)"
91,2,all are the same size,asqvqojvif,there cannot be more than two shapes at a time,d,"atmost(function(x1) {T}, 2, X)"
92,2,all are the same size,jfzfqqzvmb,two have to be touching and one does not have to be touching,d,"exists(function(x1){exists(function(x2){atleast(function(x3) {hor(x1,x2,'contact')}, 3, X)}, X)}, X)"
93,2,all are the same size,onlemdbnfq,three of the same shape pimwits ,d,"exactly(function(x1) {exists(function(x2) {and(equal(x1,x2,'colour'), equal(x1,x2,'size'))}, X)}, 3, X)"
94,2,all are the same size,aslbalavqe,you have to go by the colors red and green,d,"exists(function(x1){exists(function(x2){and(equal(x1,'red','colour'),equal(x2,'green','colour'))}, X)}, X)"
95,3,Nothing is upright,mesbxrjdpg,there has to be red and blue and the two reds have to be touching and they cant be overlapping,d,"exists(function(x1){exists(function(x2){exists(function(x3){and(and(and(equal(x1, 'red','colour'),equal(x2,'red','colour' )), hor(x1,x2,'contact')), equal(x3,'blue','colour'))}, X)}, X)}, X)"
96,3,Nothing is upright,zwrcdrrtwi,they have to be facing up and they cannot be on their side,d,"forall(function(x1) {equal(x1,'upright','orientation')}, X)"
97,3,Nothing is upright,hibacpjdfh,they cannot be all the same color and they can be facing different ways or the same way,d,"forall(function(x1){exists(function(x2){not(equal(x1,x2,'colour'))}, X)}, X)"
98,3,Nothing is upright,ovngoiiqro,they cannot be upright,c,"forall(function(x1){not(equal(x1,'upright','orientation'))}, X)"
99,3,Nothing is upright,jafwjckfvc,there has to be red blocks balanced on each other,d,"exists(function(x1){exists(function(x2){and(and(hor(x1,x2,'stacked'),equal(x1,'red','colour')), equal(x2,'red','colour'))}, X)}, X)"
100,3,Nothing is upright,cgilusiyxy,they have to have no pieces on top of each other,d,"forall(function(x1){forall(function(x2){not(hor(x1,x2,'stacked'))}, X)}, X)"
101,3,Nothing is upright,wdrpuuyzji,all of the shapes cannot be facing up,c,"forall(function(x1){not(equal(x1,'upright','orientation'))}, X)"
102,3,Nothing is upright,yjheaxptzh,one block has to be leaning,d,"exactly(function(x1){equal(x1,'strange','orientation')},1,X)"
103,3,Nothing is upright,sgygmhiwae,the blue one has to just be slanted and one of the red points has to be touching one of the red sides,d,"exists(function(x1){exists(function(x2){exists(function(x3){and(and(and(and(equal(x1,'blue','colour'),not(equal(x1,'upright','orientation'))),equal(x2,'red','colour')), equal(x3,'red','colour')), hor(x2,x3,'contact'))}, X)}, X)}, X)"
104,3,Nothing is upright,lwtvybinkx,one pimwit has to be leaning on another pimwit and another one has to be facing them diagonally,d,"exists(function(x1){exists(function(x2){exists(function(x3){and(hor(x1,x2,'contact'), hor(x2,x3,'pointing'))}, X)}, X)}, X)"
105,3,Nothing is upright,hqdzvryszc,they have to be pointing sideways either way but not up and down,c,"forall(function(x1){not(equal(x1,'upright','orientation'))}, X)"
106,3,Nothing is upright,arybnplgmd,there has to be one on top of another that is slanted and one off to the side,d,"exists(function(x1){exists(function(x2){and(and(hor(x1,x2,'contact'), less(x1,x2,'ypos')), not(equal(x1,'upright','orientation')))}, X)}, X)"
107,3,Nothing is upright,veyjvlxish,they have to be on top of each other,d,"exists(function(x1){exists(function(x2){hor(x1,x2,'stacked')}, X)}, X)"
108,3,Nothing is upright,zmtqpimofq,one corner must be up and not touching anything and probably needs something with it,v,"exists(function(x1){not(equal(x1, 'upright','orientation'))}, X)"
109,3,Nothing is upright,fyyogkywea,none of them can be upright,c,"forall(function(x1){not(equal(x1,'upright','orientation'))}, X)"
110,3,Nothing is upright,mkzkmzxgrf,you have to use some of the larger red ones but they cannot be on top of each other,d,"exists(function(x1){exists(function(x2){and(and(and(equal(x1, 'red','colour'), equal(x2,'red','colour')), not(equal(x1,x2,'object'))), not(hor(x1,x2,'stacked')))}, X)}, X)"
111,3,Nothing is upright,reowfvdqqu,both of the red ones have to be down and the blue one has to be up,d,"exists(function(x1){exists(function(x2){exists(function(x3){and(and(and(and(and(and(equal(x1,'red','colour'), equal(x2,'red','colour')), not(equal(x1,x2,'object'))), equal(x2,'blue','colour')), equal(x1, 'upright', 'orientation')), equal(x2,'upright','orientation')), not(equal(x3,'upright','orientation')))}, X)}, X)}, X)"
112,3,Nothing is upright,cmmvtaucbc,you have to stack one of the smaller ones on the left hand side and the bigger one has to be tilted by seventy degrees and the other one has to be sideways but about five degrees up and the smaller one the tip has to face the right and there has to be a smaller block and it has to be a different color about three inches away and it has to be facing the left side,d,
113,3,Nothing is upright,rxnythfslb,they should be different,d,
114,3,Nothing is upright,dhpdbgcmjp,they are all touching,d,"forall(function(x1){exists(function(x2){hor(x1,x2,'contact')}, X)}, X)"
115,3,Nothing is upright,umjngnkkko,three or two need to be stacked up on each other and one has to be on the side,d,"exists(function(x1){exists(function(x2){exists(function(x3){and(and(hor(x1,x2,'stacked'), not(equal(x1,x3, 'xpos'))), not(equal(x2,x3,'xpos')))}, X)}, X)}, X)"
116,3,Nothing is upright,shvmpeoloq,you cannot have any piece pointing up,c,"forall(function(x1){not(equal(x1,'upright','orientation'))}, X)"
117,3,Nothing is upright,qosdofjwwl,none of them can be facing up,c,"forall(function(x1){not(equal(x1,'upright','orientation'))}, X)"
118,3,Nothing is upright,qbtjvqcoju,they have to be certain ways,v,
119,3,Nothing is upright,djldhhbvei,they need to have two big red ones,d,"atleast(function(x1){equal(x1,'red','colour')}, 2, X)"
120,3,Nothing is upright,wtoxeowgar,they cannot be standing up they have to be laying down and some of them have to be touching,o,"forall(function(x1){exists(function(x2){exists(function(x3){and(not(equal(x1,'upright','orientation')), hor(x2,x3,'contact'))}, X)},X)},X)"
121,3,Nothing is upright,mqxmdwvlai,they cannot be facing straight up,c,"forall(function(x1){not(equal(x1,'upright','orientation'))}, X)"
122,3,Nothing is upright,jgruymmhtv,they all have to be knocked down and they cannot all be the same color,o,"forall(function(x1){exists(function(x2){and(not(equal(x1,'upright','orientation')), not(equal(x1,x2,'colour')))}, X)}, X)"
123,3,Nothing is upright,alyxzksgke,two of the same color have to be touching and the same size,d,"exists(function(x1){exists(function(x2){and(and(hor(x1,x2,'contact'), equal(x1,x2,'size')), equal(x1,x2,'colour'))}, X)}, X)"
124,3,Nothing is upright,guldlbnobg,how many certain colors there are,v,
125,3,Nothing is upright,kgelyqjiet,they all have to be slanted,c,"forall(function(x1){not(equal(x1,'upright','orientation'))}, X)"
126,3,Nothing is upright,hxdomhiend,there is not much stacking,d,
127,3,Nothing is upright,tdozurlsah,they go sideways with each other,c,"forall(function(x1){not(equal(x1,'upright','orientation'))}, X)"
128,3,Nothing is upright,ciwzlkkruo,pretty close together,d,
129,3,Nothing is upright,ojeosgkrxi,all of them are not the same,d,"forall(function(x1){forall(function(x2){or(equal(x1,x2,'object'), or(not(equal(x1,x2,'size')), not(equal(x1,x2,'colour'))))}, X)}, X)"
130,3,Nothing is upright,yxvfdkoyfy,you can do any structure you can do whatever you want,d,"exists(function(x1){T}, X)"
131,3,Nothing is upright,xbrfrfvylp,two of them are supposed to be the same way and one is supposed to be smaller and the other way from the others,d,"exists(function(x1) {exists(function(x2) {and(equal(x1,x2,'orientation'), greater(x1,x2,'size'))}, X)}, X)"
132,3,Nothing is upright,azojgnqhin,two of the pieces have to be on top of each other and there needs to be one piece that is not touching anything,d,"exists(function(x1) {exists(function(x2) {forall(function(x3){exists(function(x4) { and(hor(x1,x2,'stacked'), not(hor(x3,x4,'contact')))}, X)}, X)}, X)}, X)"
133,3,Nothing is upright,ncfdqtjgzx,none of them can stand up,c,"forall(function(x1){not(equal(x1,'upright','orientation'))}, X)"
134,3,Nothing is upright,zlosupqcpk,they have to be different colors and sizes and you have to arrange them in a certain way,v,"forall(function(x1){exists(function(x2){or(not(equal(x1,x2,'colour')), not(equal(x1,x2,'size')))}, X)}, X)"
135,3,Nothing is upright,idctlavwmn,do not know,n,
136,3,Nothing is upright,wswqcsomwl,there has to be at least two that face in separate directions,d,"exists(function(x1){exists(function(x2){not(equal(x1,x2,'orientation'))}, X)}, X)"
137,3,Nothing is upright,ocxraeygfp,two pimwits need to be leaned onto each other and there needs to be another mini block of that color,d,"exists(function(x1){exists(function(x2){exists(function(x3){and(and(hor(x1,x2,'contact'), equal(x3,1,'size')), not(equal(x2,'upright','orientation')))}, X)}, X)}, X)"
138,3,Nothing is upright,hcpsmvwzlp,none of the blocks can be upright,c,"forall(function(x1){not(equal(x1,'upright','orientation'))}, X)"
139,3,Nothing is upright,asqvqojvif,the two red pieces need to be bunched together,d,"atleast(function(x1){equal(x1,'red','colour')}, 2, X)"
140,3,Nothing is upright,jfzfqqzvmb,they have to be connected like three or two of them,d,"exists(function(x1){exists(function(x2){hor(x1,x2,'contact')}, X)}, X)"
141,3,Nothing is upright,onlemdbnfq,they have to be pointed to an angle and they have to be pointed to the side or down,o,"forall(function(x1){not(equal(x1,'upright','orientation'))}, X)"
142,3,Nothing is upright,aslbalavqe,a smaller block cannot go on top of a bigger one and there always has to be a cube sideways,d,"forall(function(x1){forall(function(x2){exists(function(x3){and(or(less(x1,x2,'size'), not(hor(x1,x2,'stacked'))), and(less(x1,x2,'size'), not(equal(x3,'upright','orientation'))))}, X)}, X)}, X)"
143,4,One is blue,vcbkdskksk,you can just have one of each color,o,"forall(function(x1){forall(function(x2){or(not(equal(x1,x2,'object')), not(equal(x1,x2,'colour')))}, X)}, X)"
144,4,One is blue,mesbxrjdpg,there has to be one of each type,o,"exists(function(x1){exists(function(x2){exists(function(x3){and(and(equal(x1,'red','colour'), equal(x2,'green','colour')), equal(x3,'blue','colour'))}, X)}, X)}, X)"
145,4,One is blue,zwrcdrrtwi,there has at be at least one little blue triangle,d,"exists(function(x1) {and(equal(x1,'blue','colour'), equal(x1,1,'size'))}, X)"
146,4,One is blue,hibacpjdfh,they cannot all be standing up they have to be all slanted and they have to all be different colors,d,"forall(function(x1){forall(function(x2){and(or(not(equal(x1,x2,'object')), not(equal(x1,x2,'colour'))), not(equal(x1,'upright','orientation')))}, X)},X)"
147,4,One is blue,ovngoiiqro,you have to have all three colors,d,"exists(function(x1){exists(function(x2){exists(function(x3){and(and(equal(x1,'red','colour'),equal(x2,'green','colour')), equal(x3,'blue','colour'))}, X)}, X)}, X)"
148,4,One is blue,jafwjckfvc,there has to be a blue block,u,"exists(function(x1){equal(x1,'blue','colour')}, X)"
149,4,One is blue,wdrpuuyzji,they have to be touching each other but if they are the same color they have to be on top of each other,d,"exists(function(x1){exists(function(x2){or(hor(x1,x2,'stacked'), and(not(equal(x1,x2,'colour')), hor(x1,x2,'contact')))}, X)}, X)"
150,4,One is blue,yjheaxptzh,there can only be one block leaning,d,"exactly(function(x1){not(equal(x1, 'upright','orientation'))}, 1,X)"
151,4,One is blue,sgygmhiwae,one of them has to be touching it with its point in midair while there is just one standing there,d,
152,4,One is blue,lwtvybinkx,it does not matter what size but they have to be three different colors and two have to be leaning against each other and one has to be on the other side,o,"exists(function(x1){exists(function(x2){exists(function(x3){exists(function(x4){exists(function(x5){and(and(and(equal(x1,'red','colour'),equal(x2,'green','colour')), equal(x3,'blue','colour')), hor(x4,x5,'contact'))}, X)}, X)}, X)}, X)}, X)"
153,4,One is blue,hqdzvryszc,they have to be all the sizes and all the colors,d,"exists(function(x1){exists(function(x2){exists(function(x3){exists(function(x4){exists(function(x5){exists(function(x6){and(and(and(and(and(equal(x1,'red','colour'),equal(x2,'green','colour')), equal(x3,'blue','colour')), equal(x4,1,'size')),equal(x5,2,'size')), equal(x6,3,'size'))}, X)}, X)}, X)}, X)}, X)}, X)"
154,4,One is blue,yrwbanxlsw,there should be at least one color that is different from the others and they all have to be different sizes they do not have to be the same color,d,"exists(function(x1){exists(function(x2){forall(function(x3){forall(function(x4){and(not(equal(x1,x2,'colour')), or(not(equal(x3,x4,'size')), equal(x3,x4,'object')))}, X)}, X)}, X)}, X)"
155,4,One is blue,arybnplgmd,two different colors in weird formations near each other,d,"exists(function(x1){exists(function(x2){not(equal(x1,x2,'colour'))}, X)}, X)"
156,4,One is blue,veyjvlxish,one standing up and one tipping over on the one standing up and then one far away,d,"exists(function(x1){exists(function(x2){and(and(equal(x1,'upright','orientation'), not(equal(x2,'upright','orientation'))), hor(x1,x2, 'contact'))}, X)}, X)"
157,4,One is blue,zmtqpimofq,red and blue are supposed to be together green and blue are supposed to be together and green and red were not supposed to be together,d,"forall(function(x1){forall(function(x2){not(and(equal(x1,'green','colour'), equal(x2,'red','colour')))}, X)}, X)"
158,4,One is blue,fyyogkywea,there needs to be at  least one of the blue blocks,u,"exists(function(x1){equal(x1, 'blue','colour')}, X)"
159,4,One is blue,mkzkmzxgrf,most of them have to be standing up,d,
160,4,One is blue,reowfvdqqu,at least two of them have to be right side up,d,"atleast(function(x1) {equal(x1,'upright','orientation')}, 2, X)"
161,4,One is blue,ywlzebnwkb,to put them apart from each other in a different way,d,
162,4,One is blue,rxnythfslb,three or four blocks,d,"atleast(function(x1) {atmost(function(x2) {T}, 4, X)}, 3, X)"
163,4,One is blue,dhpdbgcmjp,two are touching and others are not,d,"exactly(function(x1){exactly(function(x2){and(not(equal(x1,x2,'object')), hor(x1,x2,'contact'))}, 1, X)}, 1, X)"
164,4,One is blue,shvmpeoloq,there has to be more than one yok and there cannot be multiple of one color,d,"atleast(function(x1) {forall(function(x2){atmost(function(x3){equal(x2,x3,'colour')}, 1, X)}, X)}, 2, X)"
165,4,One is blue,qosdofjwwl,you have to have all three colors and all three sizes,d,"exists(function(x1){exists(function(x2){exists(function(x3){exists(function(x4){exists(function(x5){exists(function(x6){and(and(and(and(and(equal(x1,'red','colour'),equal(x2,'green','colour')),equal(x3,'blue','colour')),equal(x4,1,'size')),equal(x5,2,'size')), equal(x6,3,'size'))}, X)}, X)}, X)}, X)}, X)}, X)
 "
166,4,One is blue,qbtjvqcoju,they have to be straight up the other ones next to them have to be sideways,d,
167,4,One is blue,djldhhbvei,one of each color,o,"exists(function(x1){exists(function(x2){exists(function(x3){and(and(equal(x1,'red','colour'),equal(x2,'green','colour')),equal(x3,'blue','colour'))}, X)}, X)}, X)
 "
168,4,One is blue,wtoxeowgar,there has to be two touching and one standing but the one standing can have one on top instead of the one that is touching the other one on the ground,d,
169,4,One is blue,mqxmdwvlai,there cannot be any green and some have to be facing straight up and some have to be on the ground sideways,d,"forall(function(x1){exists(function(x2){exists(function(x3){and(and(not(equal(x1,'green','colour')), equal(x2,'upright','orientation')), not(equal(x3, 'upright','orientation')))}, X)}, X)}, X)"
170,4,One is blue,jgruymmhtv,you cannot put a block on top of another block,d,"forall(function(x1){forall(function(x2){not(hor(x1,x2,'stacked'))}, X)}, X)"
171,4,One is blue,alyxzksgke,there has to be three blocks and one has to be leaning on a block,d,"exactly(function(x1){exists(function(x2){exists(function(x3){hor(x2,x3,'contact')}, X)}, X)}, 3, X)"
172,4,One is blue,guldlbnobg,color    ,v,
173,4,One is blue,kgelyqjiet,there has to be one for each size no more than two of the same size,d,"exists(function(x1){exists(function(x2){exists(function(x3){atmost(function(x4){atmost(function(x5){and(and(and(and(equal(x1,1,'size'),equal(x2,2,'size')),equal(x3,3,'size')), equal(x4,x5,'size')), not(equal(x4,x5,'object')))}, 1, X)}, 1, X)}, X)}, X)}, X)
 "
174,4,One is blue,hxdomhiend,two or more wonky,d,"atleast(function(x1){not(equal(x1,'upright','orientation'))}, 2, X)"
175,4,One is blue,tdozurlsah,one of the tigs are touching another tig,d,"exists(function(x1){exists(function(x2){hor(x1,x2,'contact')}, X)}, X)"
176,4,One is blue,ciwzlkkruo,only different colors,d,"forall(function(x1){forall(function(x2){or(equal(x1,x2,'object'), not(equal(x1,x2,'colour')))}, X)}, X)"
177,4,One is blue,ojeosgkrxi,all of them can be random,d,"forall(function(x1){T}, X)"
178,4,One is blue,yxvfdkoyfy,it should not be in a pattern with the exact same colors,d,
179,4,One is blue,xbrfrfvylp,do not put just one on the screen,d,"atleast(function(x1){T}, 2, X)"
180,4,One is blue,azojgnqhin,at least two of the blocks should be touching and one should be left alone,d,"exists(function(x1){exists(function(x2){exists(function(x3){forall(function(x4){and(hor(x1,x2,'contact'), not(hor(x3,x4,'contact')))}, X)}, X)}, X)}, X)"
181,4,One is blue,ncfdqtjgzx,at least two or three different colors and two or three sizes,d,"exists(function(x1){exists(function(x2){exists(function(x3){exists(function(x4){and(not(equal(x1,x2,'colour')), not(equal(x3,x4,'size')))}, X)}, X)}, X)}, X)"
182,4,One is blue,zlosupqcpk,each of the yoks has to be a different color and it does not matter what size they are,d,"forall(function(x1){forall(function(x2){or(not(equal(x1,x2,'colour')), equal(x1,x2,'object'))}, X)}, X)"
183,4,One is blue,idctlavwmn,there has to be a purple and a red one touching each other,d,"exists(function(x1){exists(function(x2){and(and(equal(x1,'red','colour'), equal(x2, 'red','colour')), hor(x1,x2,'contact'))}, X)}, X)"
184,4,One is blue,wswqcsomwl,there has to be a tig that is either medium or large facing upward and one that is one level smaller than the first one,d,"exists(function(x1){exists(function(x2){and(and(grequal(x1,2, 'size'),equal(x1,'upright','orientation')), lequal(x2,x1,'size'))}, X)}, X)"
185,4,One is blue,ocxraeygfp,all three of the colors have to be in the picture or touching,u,"exists(function(x1){exists(function(x2){exists(function(x3){and(and(equal(x1,'red','colour'),equal(x2,'green','colour')),equal(x3,'blue','colour'))}, X)}, X)}, X)
 "
186,4,One is blue,asqvqojvif,you always need a blue red and green colored block,u,"exists(function(x1){exists(function(x2){exists(function(x3){and(and(equal(x1,'red','colour'),equal(x2,'green','colour')),equal(x3,'blue','colour'))}, X)}, X)}, X)
 "
187,4,One is blue,jfzfqqzvmb,a large has to be leaning over one medium,d,"exists(function(x1){exists(function(x2){and(and(and(and(equal(x1,3,'size'), equal(x2,2,'size')),hor(x1,x2,'contact' )), not(equal(x1,'upright','orientation'))), equal(x2,'upright','orientation'))}, X)}, X)
 "
188,4,One is blue,onlemdbnfq,they have to be touching each other and they have to lean towards each other and another one has to stand separately,d,
189,4,One is blue,aslbalavqe,you cannot use the same color of blocks twice,u,"atmost(function(x1) {exists(function(x2) {and(equal(x1,x2,'colour'), not(equal(x1,x2,'object')))},  X)}, 1, X)"
190,5,There is a small blue,vcbkdskksk,i think there has to be a certain type of color with a certain type of color,v,
191,5,There is a small blue,mesbxrjdpg,there has to be at least one green and one blue,u,"exists(function(x1){exists(function(x2){and(equal(x1,'red','colour'),equal(x2,'green','colour'))}, X)}, X)
 "
192,5,There is a small blue,zwrcdrrtwi,it has to have at least one small triangle,u,"exists(function(x1){equal(x1,1,'size')}, X)"
193,5,There is a small blue,hibacpjdfh,they have to be stacked and they cannot be the same size when they are stacked,d,"exists(function(x1){exists(function(x2){and(hor(x1,x2,'stacked'), not(equal(x1,x2,'size')))}, X)}, X)"
194,5,There is a small blue,ovngoiiqro,i dont know,n,
195,5,There is a small blue,jafwjckfvc,a blue block has to be at least partially covered,u,"exists(function(x1){equal(x1,'blue','colour')}, X)"
196,5,There is a small blue,blrcjyghdb,all of them have to be facing one direction,d,"forall(function(x1){forall(function(x2){equal(x1,x2,'orientation')}, X)}, X)"
197,5,There is a small blue,cgilusiyxy,there has to be eight of them and two of them have to be leaning,d,"exactly(function(x1){exactly(function(x2){not(equal(x2,'upright','orientation'))},2, X)}, 8,X)"
198,5,There is a small blue,wdrpuuyzji,there has to be one that is on top of another and there has to be one of a medium and one of a different color medium size and one of the first medium size color but small,d,"exists(function(x1){exists(function(x2){exists(function(x3){exists(function(x4){exists(function(x5){and(and(and(and(and(hor(x1,x2,'stacked'), equal(x3,2,'size')), equal(x4,2,'size')), equal(x5,1,'size')), equal(x3,x5,'colour')), not(equal(x3,x5,'colour')))}, X)}, X)}, X)}, X)}, X)"
199,5,There is a small blue,yjheaxptzh,there cannot be five blocks,d,"not(exactly(function(x1){T}, 5, X))"
200,5,There is a small blue,sgygmhiwae,one of them has to be inside the other and three of them can be anywhere except on the other ones,d,"exists(function(x1){exists(function(x2){exactly(function(x3){forall(function(x4){and(hor(x1,x2,'insobjecte'), not(hor(x3,x4,'stacked')))}, X)}, 3, X)}, X)}, X)"
201,5,There is a small blue,lwtvybinkx,one bigger tig has to be on top of a smaller tig and there has to be as many tigs on the side as you would like and at least one has to be a different color,d,"exists(function(x1){exists(function(x2){exists(function(x3){and(and(hor(x1,x2,'stacked'), not(equal(x3,x1,'colour'))), not(equal(x3,x2,'colour')))}, X)}, X)}, X)
 "
202,5,There is a small blue,hqdzvryszc,there had to be a green triangle and then a smaller triangle inside of that,d,"exists(function(x1){exists(function(x2){and(equal(x1,'green','colour'), hor(x2,x1,'inside'))}, X)}, X)"
203,5,There is a small blue,arybnplgmd,one has to be on top of it the others can just lie there,d,
204,5,There is a small blue,veyjvlxish,they have to be next to each other or on top of each other,d,
205,5,There is a small blue,zmtqpimofq,one smaller than the one you used I think you need to have a small one at the corner or only use green and blue,d,"exists(function(x1){forall(function(x2){or(equal(x1,1,'size'), not(equal(x2,'red','colour')))}, X)}, X)"
206,5,There is a small blue,fyyogkywea,it needs at least one of the small blue blocks,c,"atleast(function(x1){and(equal(x1,1, 'size'), equal(x1,'blue','colour'))},1, X)"
207,5,There is a small blue,mkzkmzxgrf,there has to be one of the smaller blue triangles,c,"exists(function(x1){and(equal(x1,1, 'size'), equal(x1,'blue','colour'))}, X)"
208,5,There is a small blue,reowfvdqqu,the greens have to be on top of each other,d,"forall(function(x1){forall(function(x2){or(or(or(hor(x1,x2,'stacked'), hor(x2,x1,'stacked')), not(equal(x1,'green','colour'))), not(equal(x2,'green','colour')))}, X)}, X)"
209,5,There is a small blue,ywlzebnwkb,keep all of the pimwits straight,d,"forall(function(x1) {equal(x1,'upright','orientation')}, X)"
210,5,There is a small blue,rxnythfslb,to face them the right way,d,
211,5,There is a small blue,dhpdbgcmjp,one is overlapping another and others are not touching,d,"exists(function(x1){exists(function(x2){forall(function(x3){forall(function(x4){and(hor(x1,x2,'overlap'), or(or(or(or(or(not(hor(x3,x4,'contact')), equal(x3,x4,'object')), equal(x3,x1,'object')), equal(x4,x1,'object')), equal(x3,x2,'object')), equal(x4,x2,'object')))}, X)}, X)}, X)}, X)"
212,5,There is a small blue,umjngnkkko,they all can face the right way there can be three big ones and three little ones on top of the big ones,d,"exactly(function(x1){exactly(function(x2){and(and(equal(x1,3,'size'), equal(x2,1,'size')), hor(x2,x1,'stacked'))}, 3, X)}, 3, X)"
213,5,There is a small blue,shvmpeoloq,there has to be one small blue piece there has to be more than one piece,o,"exists(function(x1){atleast(function(x2){and(equal(x1,1,'size'), equal(x1,'blue','colour'))}, 2, X)}, X)"
214,5,There is a small blue,qosdofjwwl,there cannot be more than one of a kind,d,"atmost(function(x1) {exists(function(x2) {and(and(equal(x1,x2,'colour'),equal(x1,x2,'size')), not(equal(x1,x2,'object')))},  X)}, 1, X)"
215,5,There is a small blue,djldhhbvei,there needs to be a green and a blue that is not touching,d,"exists(function(x1){exists(function(x2){and(and(equal(x1,'blue','colour'), equal(x2,'green','colour')), not(hor(x1,x2,'contact')))}, X)}, X)"
216,5,There is a small blue,wtoxeowgar,there has to be one tig that is piled on top of another tig and at least two other tigs that are not and they all have to be standing up,d,"forall(function(x1){exactly(function(x2){exactly(function(x3){atleast(function(x4){and(hor(x1,x2,'stacked'), equal(x3,'upright','orientation'))},2,X)},1,X)}, 1, X)},X)"
217,5,There is a small blue,mqxmdwvlai,one block stacked on top of another and some other blocks,d,"exists(function(x1){exists(function(x2){atleast(function(x3){and(and(hor(x1,x2,'stacked'), not(equal(x3,x1,'object'))), not(equal(x3,x2,'object')))},2,X)}, X)}, X)"
218,5,There is a small blue,jgruymmhtv,at least one of the blocks is stacked on each other but not the same color as the one it is stacked on,d,"exists(function(x1){exists(function(x2){and(hor(x1,x2,'stacked'), not(equal(x1,x2,'colour')))}, X)}, X)"
219,5,There is a small blue,alyxzksgke,two same color but different sizes the bigger size has to be on top of the small one and the same color but a different size and a different color but the same size as the ones that are not on top of each other,d,"exists(function(x1){exists(function(x2){and(and(hor(x1,x2,'stacked'), equal(x1,x2,'colour')), greater(x1,x2,'size'))}, X)}, X)"
220,5,There is a small blue,guldlbnobg,there is patterns for each one,d,
221,5,There is a small blue,kgelyqjiet,there has to be five tigs,d,"exactly(function(x1){T}, 5, X)"
222,5,There is a small blue,hxdomhiend,to have four or more,d,"atleast(function(x1){T}, 4, X)"
223,5,There is a small blue,tdozurlsah,there sometimes needs to be one that is opened,d,
224,5,There is a small blue,ciwzlkkruo,only vertical and upside down,d,"forall(function(x1){or(equal(x1,'upright','orientation'), equal(x1,'strange','orientation'))}, X)"
225,5,There is a small blue,yxvfdkoyfy,you have to figure out how to make the kovas work,n,
226,5,There is a small blue,xbrfrfvylp,you get two colors but they are different and you get two other colors but they have to be different sizes,d,"exists(function(x1){exists(function(x2){and(not(equal(x1,x2,'size')),not(equal(x1,x2,'colour')))}, X)}, X)"
227,5,There is a small blue,azojgnqhin,two of them have to be next to each other and the others do not touch,d,
228,5,There is a small blue,ncfdqtjgzx,octopus idk how to do dis,n,
229,5,There is a small blue,zlosupqcpk,three of the pimwits have to be the same color but they cannot all be the same size and you need two other pimwits that are the same color but different sizes,d,"exactly(function(x1){exists(function(x2){exactly(function(x3){exists(function(x4){and(and(and(and(and(and(equal(x1,x2,'colour'), not(equal(x1,x2,'size'))), not(equal(x1,x2,'object'))), equal(x3,x4,'colour')), not(equal(x3,x4,'object'))), not(equal(x3,x4,'size'))), not(equal(x3,x1,'object')))}, X)},2,X)}, X)}, 3, X)"
230,5,There is a small blue,idctlavwmn,there has to be one inside of one and it has to be standing upright and there has to be another one near it that is also standing upright,d,"exists(function(x1){exists(function(x2){exists(function(x3){and(and(and(and(equal(x1,'upright','orientation'), equal(x2,'upright','orientation')), not(equal(x1,x2,'object'))), hor(x3,x1,'insobjecte')), not(equal(x3,x2,'object')))}, X)}, X)}, X)"
231,5,There is a small blue,wswqcsomwl,there has to be one smaller pimwit inside of another with two or three other ones,d,"exactly(function(x1){exists(function(x2){atleast(function(x3){atmost(function(x4){and(greater(x2,x1,'size'), hor(x1,x2,'inside'))}, 5, X)}, 4, X)}, X)}, 1, X)"
232,5,There is a small blue,dovkssrwtq,there has to be a big triangle with a small triangle inside of it and two medium sized triangles and two small triangles and the colors do not matter,d,"exactly(function(x1){exactly(function(x2){exactly(function(x3){exactly(function(x4){and(and(and(and(equal(x1,3,'size'), equal(x2,1,'size')), equal(x3, 2, 'size')), hor(x4,x1,'inside')), equal(x4,1,'size'))}, 1, X)}, 2, X)}, 3, X)}, 1, X)"
233,5,There is a small blue,ocxraeygfp,two kovas need to be touching each other and there needs to be one small block,d,"exists(function(x1){exists(function(x2){exists(function(x3){and(hor(x1,x2,'contact'), equal(x3,1,'size'))}, X)}, X)}, X)"
234,5,There is a small blue,hcpsmvwzlp,there has to be three of one color,d,"exactly(function(x1){exists(function(x2){and(equal(x1,x2,'colour'), not(equal(x1,x2,'object')))}, X)}, 3, X)"
235,5,There is a small blue,asqvqojvif,there has to be more than three of them,d,"atleast(function(x1){T},3, X)"
236,5,There is a small blue,jfzfqqzvmb,at least two or more have to be stacked and at least one has to be separate,d,"exists(function(x1){exists(function(x2){exists(function(x3){and(and(hor(x1,x2,'stacked'), not(equal(x3,x1,'object'))), not(equal(x3,x2,'object')))}, X)}, X)}, X)"
237,5,There is a small blue,onlemdbnfq,there has to be a block on top of a block and two different color medium sized blocks and one small block,d,"exists(function(x1){exists(function(x2){exactly(function(x3){exists(function(x4){exists(function(x5){and(and(and(and(hor(x1,x2,'stacked'), equal(x3, 2, 'size')), equal(x3,x4,'size')), not(equal(x3,x4,'colour'))), equal(x5,1,'size'))}, X)}, X)},2,X)}, X)}, X)"
238,5,There is a small blue,aslbalavqe,there always has to be a smaller cube inside of a bigger cube and also if you lay two cubes down they cannot be facing each other,d,"exists(function(x1){exists(function(x2){forall(function(x3){forall(function(x4){and(and(less(x1,x2,'size'), hor(x1,x2,'inside')), or(not(hor(x3,x4,'pointing')), not(hor(x4,x3,'pointing'))))}, X)}, X)}, X)}, X)"
239,1,There is a red,cbkluyqyam,must contain more than two colors including red.,o,"exists(function(x1){exists(function(x2){exists(function(x3){and(and(equal(x1,'red','colour'),equal(x2,'green','colour')),equal(x3,'blue','colour'))}, X)}, X)}, X)
 "
240,1,There is a red,cvtwudraqm,I do not know the rule,n,
241,1,There is a red,vlockciwzp,There has to be at least two reds and one green,o,"atleast(function(x1){exactly(function(x2){and(equal(x1,'red','colour'), equal(x2,'green','colour'))}, 1, X)}, 2, X)"
242,1,There is a red,kgbijmrczj,Just has to have a red one somewhere.,c,"exists(function(x1) {equal(x1, 'red', 'colour')}, X)"
243,1,There is a red,vcuqgjegsa,Yoks must have at least one red and one green of any size.,o,"atleast(function(x1){atleast(function(x2){and(equal(x1,'red','colour'), equal(x2,'green','colour'))}, 1, X)}, 1, X)"
244,1,There is a red,bhdujwkcbn,Must contain red of any size,c,"exists(function(x1) {equal(x1, 'red', 'colour')}, X)"
245,1,There is a red,pvydutloyc,There must be at least one red pimwit.,c,"exists(function(x1) {equal(x1, 'red', 'colour')}, X)"
246,1,There is a red,oppkyacsnu,The yoks make stars if there is at least one red block.,c,"exists(function(x1) {equal(x1, 'red', 'colour')}, X)"
247,1,There is a red,diwvecfaqr,There must be green and red colors touching each other,o,"exists(function(x1){exists(function(x2){and(and(equal(x1,'red','colour'), equal(x2,'green','colour')), hor(x1,x2,'contact'))}, X)}, X)"
248,1,There is a red,xgkqtbnuol,Any cones stacked vertically atop each other as long as its not more than 2 of the same color in the stack.,d,"exists(function(x1){exists(function(x2){atmost(function(x3){and(hor(x1,x2,'stacked'), and(hor(x1,x3,'stacked'), equal(x1,x3,'colour')))}, 2, X)}, X)}, X)"
249,1,There is a red,gfskfcekgs,I believe the rule is that there must be at least one green and one red object,o,"atleast(function(x1){atleast(function(x2){and(equal(x1,'red','colour'), equal(x2,'green','colour'))}, 1, X)}, 1, X)"
250,1,There is a red,ueeodbekmp,A pimwit must contain at least two red blocks.,o,"atleast(function(x1){equal(x1,'red','colour')}, 2, X)"
251,1,There is a red,qqvfwssvmb,There must be at least one red block.,c,"exists(function(x1) {equal(x1, 'red', 'colour')}, X)"
252,1,There is a red,pcebewminm,when there is any two block facing in same direction,d,"exactly(function(x1){exists(function(x2){and(equal(x1,x2,'orientation'), not(equal(x1,x2,'object')))}, X)}, 2, X)"
253,1,There is a red,cmnvimzjrf,There must be at least one red block.,c,"exists(function(x1) {equal(x1, 'red', 'colour')}, X)"
254,1,There is a red,eprumtunkk,Any two different color shapes,d,"exists(function(x1){exists(function(x2){not(equal(x1,x2,'colour'))}, X)}, X)"
255,1,There is a red,garvmmwjwh,"I think that in for bemmies, stars come out as long as there is a red one the picture. I thought the rule was that they had to be stacked, but I think it was just having a red one in the picture that did it. ",c,"exists(function(x1) {equal(x1, 'red', 'colour')}, X)"
256,1,There is a red,oozefhavib,I think if there is a figure inside the red figure stars will come out,o,"exists(function(x1) {equal(x1, 'red', 'colour')}, X)"
257,1,There is a red,psbaqbrwjt,At least 1 red object,c,"exists(function(x1) {equal(x1, 'red', 'colour')}, X)"
258,1,There is a red,wsuhwfjzbr,There needs to be at least one red block.,c,"exists(function(x1) {equal(x1, 'red', 'colour')}, X)"
259,1,There is a red,aezlpkseyg,two on top of each other and one turned sideways.,d,"exists(function(x1){exists(function(x2){exists(function(x3){and(hor(x1,x2,'stacked'), or(equal(x3,'lhs','orientation'), equal(x3, 'rhs','orientation')))}, X)}, X)}, X)"
260,1,There is a red,uizgidkvdm,Stars seem to come out of the tigs if there is at least one red tig.,c,"exists(function(x1) {equal(x1, 'red', 'colour')}, X)"
261,1,There is a red,nvnrkksmit,One symbol on side and a red in the block,o,"exists(function(x1){exists(function(x2){and(equal(x1,'red','colour'), or(equal(x2,'lhs','orientation'), equal(x2, 'rhs','orientation')))}, X)}, X)"
262,1,There is a red,walbpcrtau,There should be at least one large red item.,o,"exists(function(x1) {and(equal(x1, 'red', 'colour'), equal(x1, 3, 'size'))}, X)"
263,1,There is a red,toafksdbom,There has to be at least one kova of any size. ,u,"exists(function(x1) {T}, X)"
264,1,There is a red,xcmvwgxolf,there needs to be one red piece,c,"exists(function(x1) {equal(x1, 'red', 'colour')}, X)"
265,1,There is a red,agkyeueoas,There must be at least one red block in the set for the stars to come out.,c,"exists(function(x1) {equal(x1, 'red', 'colour')}, X)"
266,1,There is a red,grvepgozqb,Stars will come out when a red kovas is present.,c,"exists(function(x1) {equal(x1, 'red', 'colour')}, X)"
267,1,There is a red,hccfdfsuum,only one block has to be small,d,
268,1,There is a red,geopmvlndi,I think there has to be at least 1 red pimwit in order for it to work.,c,"exists(function(x1) {equal(x1, 'red', 'colour')}, X)"
269,1,There is a red,zbggjxcvuu,a larger one over top of a smaller one,d,"exists(function(x1){exists(function(x2){and(hor(x1,x2,'stacked'), greater(x1,x2,'size'))}, X)}, X)"
270,1,There is a red,iadryrexqo,"I think that tigs show a star if there is at least one red object of any size, regardless if its on its side or upright and regardless of how many other non-red objects there are.",c,"exists(function(x1) {equal(x1, 'red', 'colour')}, X)"
271,1,There is a red,vltlpgocqb,A red block has to be touching another block,o,"exists(function(x1){exists(function(x2){and(hor(x1,x2,'contact'), equal(x1,'red','colour'))}, X)}, X)"
272,1,There is a red,hxgoohdfvi,Stars will come out if any color or amount of block as long as at least two are touching each other.,d,"exists(function(x1){exists(function(x2){hor(x1,x2,'contact')}, X)}, X)"
273,1,There is a red,conmvlhlgo,Blocks of different colors must be touching.,d,"exists(function(x1){exists(function(x2){and(hor(x1,x2,'contact'), not(equal(x1,x2,'colour')))}, X)}, X)"
274,1,There is a red,mznmogndzw,You have to have one color on top of the other and have one red standing on its short side not the long sides. There can be any color on top of each other. The size can be any size as long as there is a red one standing up right pointing up with nothing on top of it.,o,"exists(function(x1){exists(function(x2){exists(function(x3){and(and(hor(x1,x2,'contact'), not(equal(x1,x2,'colour'))), equal(x3, 'red','colour'))}, X)}, X)}, X)"
275,1,There is a red,rlthgmsegt,It seemed like I had to have a larger shape for the stars to come out. At least one larger shape was needed and the positioning did not matter,d,"exists(function(x1) {equal(x1, 3, 'size')}, X)"
276,1,There is a red,xefdssuqsx,I think the rule is that the pimwit will work when there is any red triangle (no matter the size or position of it).,c,"exists(function(x1) {equal(x1, 'red', 'colour')}, X)"
277,1,There is a red,mikejpbltc,As long as you have a red yok then stars will come out of them. ,c,"exists(function(x1) {equal(x1, 'red', 'colour')}, X)"
278,1,There is a red,wxghchdwtc,I do not know.,n,
279,1,There is a red,rzrpjzwpua,There has to be a red triangle in the scene,c,"exists(function(x1) {equal(x1, 'red', 'colour')}, X)"
280,1,There is a red,zblqdccjyg,At least 2 kovas are stacked on eachother and both red and green kovas are in the picture. ,o,"exists(function(x1){exists(function(x2){exists(function(x3){exists(function(x4){and(and(and(hor(x1,x2,'stacked'), greater(x1,x2,'size')), equal(x3,'green','colour')), equal(x4,'red','colour'))}, X)}, X)}, X)}, X)"
281,1,There is a red,nsycrlsseg,there is at least one red triangle.,c,"exists(function(x1) {equal(x1, 'red', 'colour')}, X)"
282,1,There is a red,qoggilfnyb,i dont know,n,
283,1,There is a red,azkqsplqvx,The only rule here (I think) is that there have to be at least two different colored blocks.,d,"exists(function(x1){exists(function(x2){ not(equal(x1,x2,'colour'))}, X)}, X)"
284,1,There is a red,gxdhieftck,There must be at least one green block and one red block,o,"exists(function(x1){exists(function(x2){and(equal(x1,'green','colour'), equal(x2,'red','colour'))}, X)}, X)"
285,1,There is a red,zvqbvbzaox,There needs to be a red triangle.,c,"exists(function(x1) {equal(x1, 'red', 'colour')}, X)"
286,1,There is a red,fwbgjmzbof,There must be at least one red block,c,"exists(function(x1) {equal(x1, 'red', 'colour')}, X)"
287,1,There is a red,rdsmyidehb,Make your designs lay on the ground as neatly as you can to keep the stars from coming out.,u,
288,2,All are the same size,cbkluyqyam,must contain at least three blocks.,d,"atleast(function(x1){T}, 3, X)"
289,2,All are the same size,cvtwudraqm,When there are i cone from each color of the same size,o,"exists(function(x1){exists(function(x2){exists(function(x3){and(and(and(and(equal(x1,'red','colour'), equal(x2,'green','colour')), equal(x3,'blue','colour')), equal(x1,x2,'size')), equal(x1,x3,'size'))}, X)}, X)}, X)"
290,2,All are the same size,vlockciwzp,I think the rule is that there has to be two green ones and one of another color,d,"exactly(function(x1){exactly(function(x2){and(equal(x1,'greeen','colour'), not(equal(x1,x2,'colour')))}, 1, X)}, 2, X)"
291,2,All are the same size,kgbijmrczj,"As long as there is a box of one color, it seems the stars will come out.",u,
292,2,All are the same size,vcuqgjegsa,Bemmies must have two greens and one red of any size.,d,"exactly(function(x1){exactly(function(x2){and(equal(x1,'green','colour'), equal(x2,'red','colour'))}, 1, X)}, 2, X)"
293,2,All are the same size,bhdujwkcbn,2 large green items,d,"exactly(function(x1){and(equal(x1,3,'size'), equal(x1,'green','colour'))}, 2, X)"
294,2,All are the same size,pvydutloyc,There must be at least one red bemmie.,d,"atleast(function(x1) {equal(x1, 'red', 'colour')}, 1, X)"
295,2,All are the same size,oppkyacsnu,The bemmies make stars only if they are all the same size.,c,"forall(function(x1){forall(function(x2){equal(x1,x2,'size')}, X)}, X)"
296,2,All are the same size,diwvecfaqr,must have green and red colors,d,"exists(function(x1){exists(function(x2){and(equal(x1,'greeen','colour'), equal(x2,'red','colour'))},  X)},  X)"
297,2,All are the same size,xgkqtbnuol,"Two cones of one color, and one of another, standing vertically.",d,"exactly(function(x1){exactly(function(x2){forall(function(x3){and(equal(x3,'upright','orientation'), not(equal(x1,x2,'colour')))}, X)}, 1, X)}, 2, X)"
298,2,All are the same size,gfskfcekgs,I believe they all have to be the same size,c,"forall(function(x1){forall(function(x2){equal(x1,x2,'size')}, X)}, X)"
299,2,All are the same size,ueeodbekmp,There must be one block of the same size of two different colors. One of the matching blocks must not be inside another block. ,o,"exactly(function(x1){exactly(function(x2){ and(and(and(equal(x1,x2,'size'), not(equal(x1,x2,'colour'))), not(hor(x1,x2,'inside'))), not(hor(x2,x1,'inside')))}, 1, X)}, 1, X)"
300,2,All are the same size,qqvfwssvmb,all of the blocks must be of the same size.,c,"forall(function(x1){forall(function(x2){equal(x1,x2,'size')}, X)}, X)"
301,2,All are the same size,pcebewminm,"when all are small block
when there is two blue block",m,"forall(function(x1){equal(x1,1,'size')}, X)"
302,2,All are the same size,cmnvimzjrf,"There can be green and red blocks only, no purple. If green and red are together, they must all be the same size.",d,"forall(function(x1){forall(function(x2){and(or(equal(x1,'red','colour'), equal(x1,'green','colour')), or(equal(x1,x2,'size'), equal(x1,x2,'colour')))}, X)}, X)"
303,2,All are the same size,eprumtunkk,I have no idea ,n,
304,2,All are the same size,garvmmwjwh,"I think the yoks can be any color, but I suspect that they cannot be stacked on each other",d,"forall(function(x1){forall(function(x2){not(hor(x1,x2,'stacked'))}, X)}, X)"
305,2,All are the same size,oozefhavib,They need to be the same size  for the stars to come out,c,"forall(function(x1){forall(function(x2){equal(x1,x2,'size')}, X)}, X)"
306,2,All are the same size,psbaqbrwjt,All objects must be the same size,c,"forall(function(x1){forall(function(x2){equal(x1,x2,'size')}, X)}, X)"
307,2,All are the same size,wsuhwfjzbr,I do not know the special rule for tigs.,n,
308,2,All are the same size,aezlpkseyg,Two triangles side by side with another triangle to the side of them with a space in between. all of the same size.,o,"forall(function(x1){forall(function(x2){and(not(hor(x1,x2,'contact')), equal(x1,x2,'size'))}, X)}, X)"
309,2,All are the same size,uizgidkvdm,Stars seem to come out of the yoks if they are all the same size.,c,"forall(function(x1){forall(function(x2){equal(x1,x2,'size')}, X)}, X)"
310,2,All are the same size,nvnrkksmit,"All the symbols have to be the same size,",c,"forall(function(x1){forall(function(x2){equal(x1,x2,'size')}, X)}, X)"
311,2,All are the same size,walbpcrtau,The characters should be of same size.,c,"forall(function(x1){forall(function(x2){equal(x1,x2,'size')}, X)}, X)"
312,2,All are the same size,toafksdbom,"Tigs will come out when two large ones, no matter the color, are touching. ",d,"exists(function(x1){exists(function(x2){and(and(equal(x1,3,'size'), equal(x2,3,'size')), hor(x1,x2,'contact'))}, X)}, X)"
313,2,All are the same size,xcmvwgxolf,all pieces need to be the same size,c,"forall(function(x1){forall(function(x2){equal(x1,x2,'size')}, X)}, X)"
314,2,All are the same size,agkyeueoas,The blocks must all be the same size for the stars to come out.,c,"forall(function(x1){forall(function(x2){equal(x1,x2,'size')}, X)}, X)"
315,2,All are the same size,grvepgozqb,Stars will come out when no more than two colors of pimwits are present.,d,"exists(function(x1){exists(function(x2){forall(function(x3){or(equal(x3,x1,'colour'), equal(x3,x2,'colour'))}, X)}, X)}, X)"
316,2,All are the same size,hccfdfsuum,All blocks should be same size,c,"forall(function(x1){forall(function(x2){equal(x1,x2,'size')}, X)}, X)"
317,2,All are the same size,geopmvlndi,"I think they need to be all the same size in order for the stars to come out. I thought the colors might matter, but Im not sure.",c,"forall(function(x1){forall(function(x2){equal(x1,x2,'size')}, X)}, X)"
318,2,All are the same size,zbggjxcvuu,"same size ones pointing upwards
",o,"forall(function(x1){forall(function(x2){and(equal(x1,x2,'size'), equal(x1,'upright','orientation'))}, X)}, X)"
319,2,All are the same size,iadryrexqo,"I think bemmies show stars if each of the blocks is the same size, regardless of color, orientation(such as upright or on its side) or how many objects there are, as long as they are exactly the same size.",c,"forall(function(x1){forall(function(x2){equal(x1,x2,'size')}, X)}, X)"
320,2,All are the same size,vltlpgocqb,No more than 2 of the same color,d,"atmost(function(x1){exists(function(x2){and(equal(x1,x2,'colour'), not(equal(x1,x2,'object')))}, X)},2, X)"
321,2,All are the same size,hxgoohdfvi,Any amount or color of blocks will shoot stars as long as they are not touching each other.,d,"forall(function(x1){forall(function(x2){not(hor(x1,x2,'contact'))}, X)}, X)"
322,2,All are the same size,conmvlhlgo,All the blocks are the same size.,c,"forall(function(x1){forall(function(x2){equal(x1,x2,'size')}, X)}, X)"
323,2,All are the same size,mznmogndzw,There has to be a red and two green angles pointing up and not on their sides. ,d,"exactly(function(x1){exactly(function(x2){forall(function(x3){and(and(equal(x1,'red','colour'), equal(x2,'green','colour')), equal(x3,'upright','orientation'))}, X)}, 2, X)}, 1, X)"
324,2,All are the same size,rlthgmsegt,"It seemed like if it was a large triangle or if it included green or blue, stars always came out",d,"exists(function(x1){or(or(equal(x1,3,'size'), equal(x1,'blue','colour')), equal(x1,'green','colour'))}, X)"
325,2,All are the same size,xefdssuqsx,"I think the rule is that bemmies come out if there is at least one green triangle, but the green triangle has to be in an upright position (cant be angled)",d,"exists(function(x1){and(equal(x1,'green','colour'), equal(x1,'upright','orientation'))}, X)"
326,2,All are the same size,mikejpbltc,"I think only the largest of the bemmies will make the stars shoot out, as long as you all the largest ones are in there it will go off",d,"exists(function(x1){equal(x1,3,'size')}, X)"
327,2,All are the same size,wxghchdwtc,The bemmies all had to be the same size.,c,"forall(function(x1){forall(function(x2){equal(x1,x2,'size')}, X)}, X)"
328,2,All are the same size,rzrpjzwpua,"They can not touch each other, have to separated.",d,"forall(function(x1){forall(function(x2){not(hor(x1,x2,'contact'))}, X)}, X)"
329,2,All are the same size,zblqdccjyg,All the yoks are the same size. ,c,"forall(function(x1){forall(function(x2){equal(x1,x2,'size')}, X)}, X)"
330,2,All are the same size,nsycrlsseg,There is no small triangle.,d,"forall(function(x1){not(equal(x1,1,'size'))}, X)"
331,2,All are the same size,qoggilfnyb,i dont know,n,
332,2,All are the same size,azkqsplqvx,I only picked one on the last screen because I had to pick at least one.  The only rule I could find is that there had to be only one of the largest blocks and it had to be right-side-up.,d,"exactly(function(x1){forall(function(x2){and(equal(x1,3,'size'), or(not(equal(x2,3,'size')), equal(x2,'upright','orientation')))}, X)}, 1, X)"
333,2,All are the same size,gxdhieftck,The green block must be placed next to red block,d,"exists(function(x1){exists(function(x2){and(and(equal(x1,'green','colour'), equal(x2,'red','colour')), equal(x1,x2,'ypos'))}, X)}, X)"
334,2,All are the same size,zvqbvbzaox,the triangles cannot touch each other,d,"forall(function(x1){forall(function(x2){not(hor(x1,x2,'contact'))}, X)}, X)"
335,2,All are the same size,fwbgjmzbof,All of the blocks must be the same size,c,"forall(function(x1){forall(function(x2){equal(x1,x2,'size')}, X)}, X)"
336,2,All are the same size,rdsmyidehb,"No two designs are the same, play with the blocks and see what happens.",n,
337,3,Nothing is upright,cbkluyqyam,the block must touch at least one other block and must not be standing upright.,d,"exists(function(x1){exists(function(x2){and(hor(x1,x2,'contact'), not(equal(x1,'upright','orientation')))}, X)}, X)"
338,3,Nothing is upright,cvtwudraqm,When the blue cone is the smallest and laying on its side,d,"exists(function(x1){forall(function(x2){and(equal(x1,'blue','colour'), or(equal(x1,x2,'object'), less(x1,x2,'size')))}, X)}, X)"
339,3,Nothing is upright,vlockciwzp,There has to be two of the same color pointing at one of another color.,d,"exactly(function(x1){exactly(function(x2){and(not(equal(x1,x2,'colour')), hor(x1,x2, 'pointing'))}, 1, X)}, 2, X)"
340,3,Nothing is upright,kgbijmrczj,I have no idea.,n,
341,3,Nothing is upright,vcuqgjegsa,Tigs must have two red pieces that are touching and one blue piece on its side,d,"exactly(function(x1){exactly(function(x2){exactly(function(x3){and(and(and(and(equal(x1,'red','colour'), equal(x2,'red','colour')), equal(x3,'blue','colour')), hor(x1,x2,'contact')), not(equal(x1,x2,'object')))}, 1, X)}, 1, X)}, 1, X)"
342,3,Nothing is upright,bhdujwkcbn,A large red on its side,o,"exists(function(x1){and(and(equal(x1,3,'size'), equal(x1,'red','colour')), or(equal(x1,'lhs','orientation'), equal(x1,'rhs','orientation')))}, X)"
343,3,Nothing is upright,pvydutloyc,Yoks must not point upward. They must be tilted or placed on their side.,c,"forall(function(x1){not(equal(x1,'upright','orientation'))}, X)"
344,3,Nothing is upright,oppkyacsnu,The pimwits make stars only if none of the blocks are upright.,c,"forall(function(x1){not(equal(x1,'upright','orientation'))}, X)"
345,3,Nothing is upright,diwvecfaqr,must have two reds and one blue,d,"exactly(function(x1){exactly(function(x2){and(equal(x1,'red','colour'), equal(x2,'blue','colour'))}, 1, X)}, 2, X)"
346,3,Nothing is upright,xgkqtbnuol,At least three blocks have to be horizontal,d,
347,3,Nothing is upright,gfskfcekgs,I believe the rule is no object is pointing up or overlapping,o,"forall(function(x1){forall(function(x2){and(not(equal(x1,'upright','orientation')), not(hor(x1,x2,'contact')))},X)}, X)"
348,3,Nothing is upright,ueeodbekmp,All the blocks must be tilted.,c,"forall(function(x1){not(equal(x1,'upright','orientation'))}, X)"
349,3,Nothing is upright,qqvfwssvmb,There must be one big red block.,d,"exactly(function(x1){and(equal(x1,'red','colour'), equal(x1, 3, 'size'))}, 1, X)"
350,3,Nothing is upright,pcebewminm,"when there is only red block
when there is no blue block",m,"forall(function(x1){equal(x1,'red','colour')}, X)"
351,3,Nothing is upright,cmnvimzjrf,"There can only be red and purple blocks, no greens.",d,"forall(function(x1){not(equal(x1,'green','colour'))}, X)"
352,3,Nothing is upright,eprumtunkk,I have not idea,n,
353,3,Nothing is upright,garvmmwjwh,"I think there has to be a blue pimwit on its side, either by itself or with a red one. ",d,"exists(function(x1){forall(function(x2){and(and(equal(x1,'blue','colour'), or(equal(x1,'lhs','orientation'),equal(x1,'rhs','orientation'))), not(equal(x2,'green','colour')))}, X)}, X)"
354,3,Nothing is upright,oozefhavib,"I think if there are 2 different color figures pointing to opposite sides, the starts will come out.",d,"exists(function(x1){exists(function(x2){and(and(not(equal(x1,x2,'colour')), equal(x1,'rhs','orientation')), equal(x2,'lhs','orientation'))}, X)}, X)"
355,3,Nothing is upright,psbaqbrwjt,Objects of the same size and color touching,d,"exists(function(x1){exists(function(x2){and(and(equal(x1,x2,'size'), equal(x1,x2,'colour')), hor(x1,x2,'contact'))}, X)}, X)"
356,3,Nothing is upright,wsuhwfjzbr,Two of the blocks must be touching.,d,"exactly(function(x1){exists(function(x2){and(hor(x1,x2,'contact'), not(equal(x1,x2,'object')))}, X)}, 2, X)"
357,3,Nothing is upright,aezlpkseyg,I dont know. three triangles with two propped sideways against each other and the other off to the side sideways?,o,"exactly(function(x1){exactly(function(x2){exists(function(x3){forall(function(x4){and(hor(x2,x3,'contact'), not(equal(x4, 'upright','orientation')))}, X)}, X)}, 2, X)}, 3, X)"
358,3,Nothing is upright,uizgidkvdm,Stars seem to come out if none of the bemmies are facing straight up.,c,"forall(function(x1){not(equal(x1,'upright','orientation'))}, X)"
359,3,Nothing is upright,nvnrkksmit,There must be two blocks leaning on each other.,d,"exactly(function(x1){exists(function(x2){and(and(and(hor(x1,x2,'contact'), not(equal(x1,x2,'object'))), not(equal(x1,'upright','orientation'))), not(equal(x2,'upright','orientation')))}, X)}, 2, X)"
360,3,Nothing is upright,walbpcrtau,There should be a small blue item.,d,"exists(function(x1){and(equal(x1,1,'size'), equal(x1,'blue','colour'))}, X)"
361,3,Nothing is upright,toafksdbom,The yok for sure cant be straight up and down. I only tested the blue so Im not sure if it applies to other colors as well. ,c,"forall(function(x1){not(equal(x1,'upright','orientation'))}, X)"
362,3,Nothing is upright,xcmvwgxolf,at least one needs to by lying with one side on the ground,d,"atleast(function(x1){or(equal(x1,'lhs','orientation'),equal(x1,'rhs','orientation'))},1, X)"
363,3,Nothing is upright,agkyeueoas,There can not be any blocks standing up straight if you want stars to come out.,c,"forall(function(x1){not(equal(x1,'upright','orientation'))}, X)"
364,3,Nothing is upright,grvepgozqb,"Stars will come out when a red tig is present and not pointed vertically, only in the presence of a blue tig.",d,"exists(function(x1){exists(function(x2){}, X)}, X)"
365,3,Nothing is upright,hccfdfsuum,I have no idea,n,
366,3,Nothing is upright,geopmvlndi,I think there has to be at least 2 kovas that are touching or resting on the other piece.,d,"exists(function(x1){exists(function(x2){hor(x1,x2,'contact')}, X)},  X)"
367,3,Nothing is upright,zbggjxcvuu,"because each one is angled, not straight up and down",c,"forall(function(x1){not(equal(x1,'upright','orientation'))}, X)"
368,3,Nothing is upright,iadryrexqo,"I think the kovas will shoot stars only if none of the objects are pointing too straight in the air, they can point someone in the air, but it has to be at a shallow angle, if the angle is too sharp upwards, the star will not show.",c,"forall(function(x1){not(equal(x1,'upright','orientation'))}, X)"
369,3,Nothing is upright,vltlpgocqb,There has to be at least one laying sideways on the ground,d,"atleast(function(x1){or(equal(x1, 'lhs','orientation'),equal(x1,'rhs','orientation'))},1,X)"
370,3,Nothing is upright,hxgoohdfvi,I dont know.,n,
371,3,Nothing is upright,conmvlhlgo,It must contain a small and large block of different colors.,d,"exists(function(x1){exists(function(x2){and(and(equal(x1,1,'size'), equal(x2,3,'size')), not(equal(x1,x2,'colour')))}, X)},  X)"
372,3,Nothing is upright,mznmogndzw,The rule is that all the color angles cant be standing up right pointing up. They all have to be on their long sides not on their short side and it can be any sizes and any color as long as they are not standing on their short side of the angle.,c,"forall(function(x1){not(equal(x1,'upright','orientation'))}, X)"
373,3,Nothing is upright,rlthgmsegt,It seemed like the yoks had to be on their sides for the stars to come out.,u,"forall(function(x1){or(equal(x1, 'lhs','orientation'),equal(x1,'rhs','orientation'))},X)"
374,3,Nothing is upright,xefdssuqsx,I believe Tigs work as long as there is at least one red triangle (any size).,d,"atleast(function(x1){equal(x1,'red','colour')}, 1,X)"
375,3,Nothing is upright,mikejpbltc,You have to have at least a large red pimwits and at least one blue pimwits for the starts to shoot out. ,d,"atleast(function(x1){atleast(function(x2){and(and(equal(x1,'red','colour'), equal(x1,3,'size')), equal(x2,'blue','colour'))}, 1,X)}, 1,X)"
376,3,Nothing is upright,wxghchdwtc,All of the yoks had to be tilted onto their side regardless of size or color. ,u,"forall(function(x1){or(equal(x1, 'lhs','orientation'),equal(x1,'rhs','orientation'))},X)"
377,3,Nothing is upright,rzrpjzwpua,All the blocks have to be at an angle from their base.,c,"forall(function(x1){not(equal(x1,'upright','orientation'))}, X)"
378,3,Nothing is upright,zblqdccjyg,"All Bemmies are laying down, not upright and standing. ",c,"forall(function(x1){not(equal(x1,'upright','orientation'))}, X)"
379,3,Nothing is upright,nsycrlsseg,There is at least one blue and no green triangle.,d,"atleast(function(x1){forall(function(x2){and(equal(x1,'blue','colour'), not(equal(x2,'green','colour')))}, X)},1, X)"
380,3,Nothing is upright,qoggilfnyb,i dont know,n,
381,3,Nothing is upright,azkqsplqvx,There can be no more than three blocks present and at least one has to be on its side.,d,"atmost(function(x1){atleast(function(x2){or(equal(x2, 'lhs','orientation'),equal(x2,'rhs','orientation'))}, 1, X)},3, X)"
382,3,Nothing is upright,gxdhieftck,two red large blocks must touch each other ,d,"exactly(function(x1){exists(function(x2){and(and(and(and(and(equal(x1,'red','colour'), equal(x1,3,'size')), equal(x2,'red','colour')), equal(x2,3,'size')), not(equal(x1,x2,'object'))), hor(x1,x2,'contact'))}, X)}, 2,X)"
383,3,Nothing is upright,zvqbvbzaox,all triangles have to be on their side,u,"forall(function(x1){or(equal(x1, 'lhs','orientation'),equal(x1,'rhs','orientation'))},X)"
384,3,Nothing is upright,fwbgjmzbof,I do not know,n,
385,3,Nothing is upright,rdsmyidehb,"This is difficult, do your best to make the triangles fall on their sides to make the stars come out.",u,"forall(function(x1){or(equal(x1, 'lhs','orientation'),equal(x1,'rhs','orientation'))},X)"
386,4,One is blue,cbkluyqyam,"must contain more that one color, must touch at least one block and must include  at least one small block",d,"exists(function(x1){exists(function(x2){exists(function(x3){exists(function(x4){exists(function(x5){and(and(not(equal(x1,x2,'colour')), hor(x3,x4,'contact')), equal(x5,1,'size'))}, X)}, X)}, X)}, X)}, X)"
387,4,One is blue,cvtwudraqm,When there is only one green cone present,d,"exactly(function(x1){forall(function(x2){equal(x2,'green','colour')}, X)}, 1, X)"
388,4,One is blue,vlockciwzp,There has to be one or more of red and green but only one blue.,o,"exists(function(x1){exists(function(x2){exactly(function(x3){and(and(equal(x1,'red','colour'), equal(x2, 'green','colour')),equal(x3, 'blue','colour') )}, 1, X)}, X)}, X)"
389,4,One is blue,kgbijmrczj,There needs to be a blue combined with another color but there cant be two of the same color.,o,"exists(function(x1){exists(function(x2){atmost(function(x3){exists(function(x4){and(and(equal(x1,'blue','colour'), not(equal(x2, x1,'colour'))), equal(x3,x4,'colour'))}, X)}, 2, X)}, X)}, X)"
390,4,One is blue,vcuqgjegsa,Kovas must have at least one blue and one green piece.,d,"exists(function(x1){exists(function(x2){and(equal(x1,'blue','colour'), equal(x2,'green','colour'))}, X)}, X)"
391,4,One is blue,bhdujwkcbn,Need one of each color to be present,o,"exists(function(x1){exists(function(x2){exists(function(x3){and(and(equal(x1,'red','colour'), equal(x2,'green','colour')), equal(x3, 'blue','colour'))}, X)}, X)}, X)"
392,4,One is blue,pvydutloyc,There must be one blue kovas. There cannot be more than one.,c,"exactly(function(x1){equal(x1,'blue','colour')}, 1, X)"
393,4,One is blue,oppkyacsnu,The kovas make stars only if there is at least one blue block.,u,"atleast(function(x1){equal(x1,'blue','colour')}, 1, X)"
394,4,One is blue,diwvecfaqr,must be touching or not touching of a different color,v,
395,4,One is blue,xgkqtbnuol,No more than one blue and one green?,o,"atmost(function(x1){atmost(function(x2){and(equal(x1,'blue','colour'), equal(x2,'green','colour'))}, 1, X)}, 1, X)"
396,4,One is blue,gfskfcekgs,I think it might be if there is exactly one blue in the image,c,"exactly(function(x1){equal(x1,'blue','colour')}, 1, X)"
397,4,One is blue,ueeodbekmp,A Tig must include one block of each different color and at lest two different sizes. ,o,"exists(function(x1){exists(function(x2){exists(function(x3){exists(function(x4){exists(function(x5){and(and(and(equal(x1,'red','colour'), equal(x2,'green','colour')), equal(x3, 'blue','colour')), not(equal(x4,x5,'size')))}, X)}, X)}, X)}, X)}, X)"
398,4,One is blue,qqvfwssvmb,there must be one block of each color.,o,"exists(function(x1){exists(function(x2){exists(function(x3){and(and(equal(x1,'red','colour'), equal(x2,'green','colour')), equal(x3, 'blue','colour'))}, X)}, X)}, X)"
399,4,One is blue,pcebewminm,when there is  different type of size in all color,v,"exists(function(x1){exists(function(x2){exists(function(x3){exists(function(x4){exists(function(x5){and(and(and(equal(x1,'red','colour'), equal(x2,'green','colour')), equal(x3, 'blue','colour')), not(equal(x4,x5,'size')))}, X)}, X)}, X)}, X)}, X)"
400,4,One is blue,cmnvimzjrf,There can only be one purple block (no more than one) plus any of the other colored blocks.,c,"exactly(function(x1){equal(x1,'blue','colour')}, 1, X)"
401,4,One is blue,eprumtunkk,i have no idea,n,
402,4,One is blue,garvmmwjwh,"For the tigs, you need to have at least one tig of each color for the stars to come out",d,"exists(function(x1){exists(function(x2){exists(function(x3){and(and(equal(x1,'red','colour'), equal(x2,'green','colour')), equal(x3, 'blue','colour'))}, X)}, X)}, X)"
403,4,One is blue,oozefhavib,There has to be a blue figure present to make the stars come out,u,"exists(function(x1){equal(x1,'blue','colour')},  X)"
404,4,One is blue,psbaqbrwjt,I do not know,n,
405,4,One is blue,wsuhwfjzbr,There has to be at least one red or blue block touching another block.,d,"exists(function(x1){exists(function(x2){and(or(equal(x1,'red','colour'),equal(x1,'blue','colour')), hor(x1,x2,'contact'))}, X)}, X)"
406,4,One is blue,aezlpkseyg,Three triangles with one sitting sideways against another.,d,"exactly(function(x1){exists(function(x2){exists(function(x3){and(hor(x2,x3,'contact'), not(equal(x2,'upright','orientation')))}, X)}, X)}, 3, X)"
407,4,One is blue,uizgidkvdm,Stars seem to come out of pimwits if there is at least one blue pimwits.,u,"atleast(function(x1){equal(x1,'blue','colour')},  1, X)"
408,4,One is blue,nvnrkksmit,Each block must have at least one of each color,d,"exists(function(x1){exists(function(x2){exists(function(x3){and(and(equal(x1,'red','colour'), equal(x2,'green','colour')), equal(x3, 'blue','colour'))}, X)}, X)}, X)"
409,4,One is blue,walbpcrtau,Because I think the red target should be lrger than the blue.,d,"exists(function(x1) {exists(function(x2) {and(and(equal(x1, 'red', 'colour'), equal(x2,'blue','colour')), greater(x1,x2,'size'))}, X)}, X)"
410,4,One is blue,toafksdbom,"There has to be at least one blue bemmie in the box, any size will work. ",u,"atleast(function(x1){equal(x1,'blue','colour')},  1, X)"
411,4,One is blue,xcmvwgxolf,one piece has to be leaning on another,d,"exists(function(x1){exists(function(x2){and(hor(x1,x2,'contact'), not(equal(x2, 'upright','orientation')))}, X)}, X)"
412,4,One is blue,agkyeueoas,There must be one blue block in order for the stars to come out.  The other block colors do not matter. ,c,"exactly(function(x1){equal(x1,'blue','colour')}, 1, X)"
413,4,One is blue,grvepgozqb,Star will come out when there is only one blue yok.,c,"exactly(function(x1){equal(x1,'blue','colour')}, 1, X)"
414,4,One is blue,hccfdfsuum,different colors ,v,"exists(function(x1) {exists(function(x2) {not(equal(x1,x2,'colour'))}, X)}, X)"
415,4,One is blue,geopmvlndi,I think it requires all three color variations and at least one to be tilted or on its side.,d,"exists(function(x1){exists(function(x2){exists(function(x3){exists(function(x4){and(and(and(equal(x1,'red','colour'), equal(x2,'green','colour')), equal(x3, 'blue','colour')), not(equal(x4,'upright','orientation')))}, X)}, X)}, X)}, X)"
416,4,One is blue,zbggjxcvuu,some up and some are sideways,d,"exists(function(x1){exists(function(x2){and(equal(x1,'upright','orientation'), not(equal(x2, 'upright','orientation')))}, X)}, X)"
417,4,One is blue,iadryrexqo,"I think the rule for how pimwits work is that any combination of four objects, regardless of color, size, orientation, will show stars, any more than four and it will not show a star.",d,"exactly(function(x1){T}, 4, X)"
418,4,One is blue,vltlpgocqb,There has to be at least 1 blue,u,"atleast(function(x1){equal(x1,'blue','colour')}, 1, X)"
419,4,One is blue,hxgoohdfvi,"I think that bennies shoot stars out of them as long as a block of each color (one red, one green, one blue) is used no matter what size or how they are placed.",o,"exists(function(x1){exists(function(x2){exists(function(x3){and(and(equal(x1,'red','colour'), equal(x2,'green','colour')), equal(x3, 'blue','colour'))}, X)}, X)}, X)"
420,4,One is blue,conmvlhlgo,The blocks cant be all one color or only red and green.,d,"forall(function(x1){exists(function(x2){exists(function(x3){and(not(equal(x1,x2,'colour')), equal(x3, 'blue','colour'))}, X)}, X)}, X)"
421,4,One is blue,mznmogndzw,The red cant be pointing upright but can be on its long sides and there has to be a small green and a big blue with the red one.,d,"exists(function(x1) {exists(function(x2) {exists(function(x3) {and(and(and(and(and(equal(x1,'red','colour'), equal(x2,'blue','colour')), equal(x3,'green','colour')), not(equal(x1,'upright','orientation'))), equal(x2,1,'size')), equal(x3,3,'size'))}, X)}, X)}, X)"
422,4,One is blue,rlthgmsegt,"I could not really tell for this one. The triangles that included blue or red always seemed to have stars come out , but I am not 100% sure.",d,"exists(function(x1){exists(function(x2){and(equal(x1,'red','colour'),equal(x2,'blue','colour'))}, X)}, X)"
423,4,One is blue,xefdssuqsx,I think there has to be at least one blue triangle and one green triangle (of any size and position),d,"atleast(function(x1){atleast(function(x2){and(equal(x1,'green','colour'),equal(x2,'blue','colour'))}, 1, X)},1, X)"
424,4,One is blue,mikejpbltc,As long as you have at least one blue tig but no more then 2 blue tigs then the stars will come out. ,c,"exactly(function(x1){equal(x1,'blue','colour')}, 1, X)"
425,4,One is blue,wxghchdwtc,All three colors of the pimwits had to be present for the stars to show.,d,"exists(function(x1){exists(function(x2){exists(function(x3){and(and(equal(x1,'red','colour'), equal(x2,'green','colour')), equal(x3, 'blue','colour'))}, X)}, X)}, X)"
426,4,One is blue,rzrpjzwpua,There has to be a blue triangle in the scene.,u,"exists(function(x1){equal(x1,'blue','colour')},   X)"
427,4,One is blue,zblqdccjyg,All tigs are a different color.,d,"forall(function(x1){forall(function(x2){or(equal(x1,x2,'object'), not(equal(x1,x2,'colour')))}, X)}, X)"
428,4,One is blue,nsycrlsseg,There is at least one blue triangle.,u,"atleast(function(x1){equal(x1,'blue','colour')}, 1, X)"
429,4,One is blue,qoggilfnyb,very great,n,
430,4,One is blue,azkqsplqvx,There has to be at least one right-side-up blue block.,d,"atleast(function(x1){and(equal(x1,'blue','colour'), equal(x1,'upright','orientation'))}, 1, X)"
431,4,One is blue,gxdhieftck,There must be at least one blue block,u,"atleast(function(x1){equal(x1,'blue','colour')}, 1, X)"
432,4,One is blue,zvqbvbzaox,I think there has to be one blue triangle.,c,"exactly(function(x1){equal(x1,'blue','colour')}, 1, X)"
433,4,One is blue,fwbgjmzbof,There must be only one blue block,c,"exactly(function(x1){equal(x1,'blue','colour')}, 1, X)"
434,4,One is blue,rdsmyidehb,They can be in more shapes than z or x.,v,
435,5,There is a small blue,cbkluyqyam,at least green block must be present.,d,"atleast(function(x1){equal(x1,'green','colour')}, 1,X)"
436,5,There is a small blue,cvtwudraqm,When a block of the same size or color is over the top of another ,d,"exists(function(x1) {exists(function(x2) {hor(x1,x2,'stacked')}, X)}, X)"
437,5,There is a small blue,vlockciwzp,There has to be at least two blues and one green,d,"atleast(function(x1) {atleast(function(x2) {and(equal(x1,'blue','colour'),equal(x2,'green','colour'))},1, X)},2,X)"
438,5,There is a small blue,kgbijmrczj,Needs to be a small and medium sized blue one.,o,"exists(function(x1){exists(function(x2){and(and(and(equal(x1,1,'size'),equal(x2,2,'size')), equal(x1,'blue','colour')), equal(x2,'blue','colour'))}, X)}, X)"
439,5,There is a small blue,vcuqgjegsa,Pimwits must have at least two blue pieces,d,"atleast(function(x1){equal(x1,'blue','colour')}, 2, X)"
440,5,There is a small blue,bhdujwkcbn,Must contain one small blue block,c,"exists(function(x1){and(equal(x1,'blue','colour'), equal(x1, 1, 'size'))}, X)"
441,5,There is a small blue,pvydutloyc,There must be at least one small blue tig.,c,"exists(function(x1){and(equal(x1,'blue','colour'), equal(x1, 1, 'size'))}, X)"
442,5,There is a small blue,oppkyacsnu,The tigs make stars only if there are multiple small blocks.,d,"atleast(function(x1){equal(x1,1,'size')},2, X)"
443,5,There is a small blue,diwvecfaqr,muliple blocks touching,d,"exists(function(x1) {exists(function(x2) {exists(function(x3) {exists(function(x4) {and(and(hor(x1,x2,'contact'), hor(x3,x4,'contact')), not(equal(x1,x3, 'object')))}, X)}, X)}, X)}, X)"
444,5,There is a small blue,xgkqtbnuol,At least 5 vertical cones.,d,"atleast(function(x1){equal(x1,'upright','orientation')}, 5, X)"
445,5,There is a small blue,gfskfcekgs,I believe the rule is that there must be a medium green and a small blue in the image,o,"exists(function(x1){exists(function(x2){and(and(and(equal(x1,2,'size'), equal(x1,'green','colour')), equal(x2,1,'size')), equal(x2,'blue','colour'))}, X)}, X)"
446,5,There is a small blue,ueeodbekmp,A yok must contain 3 different sized green blocks and at least one blue block or 3 different sized blue blocks and at least one green block. ,d,"exactly(function(x1){exactly(function(x2){or(and(equal(x1,'green','colour'), equal(x2,'blue','colour')), and(equal(x1,'blue','colour'), equal(x2,'green','colour')))}, 2, X)}, 3, X)"
447,5,There is a small blue,qqvfwssvmb,There must be one small blue block.,c,"exists(function(x1){and(equal(x1,'blue','colour'), equal(x1, 1, 'size'))}, X)"
448,5,There is a small blue,pcebewminm,"when there is one small blue block
when there is two green and two red
when there is no green",m,"exists(function(x1){and(equal(x1,'blue','colour'), equal(x1, 1, 'size'))}, X)"
449,5,There is a small blue,cmnvimzjrf,There must be at least one purple block.,u,"atleast(function(x1){equal(x1,'blue','colour')}, 1,X)"
450,5,There is a small blue,eprumtunkk,i have no idea,n,
451,5,There is a small blue,garvmmwjwh,"I think for the kovas, there just has to be a small blue one in the picture",c,"exists(function(x1){and(equal(x1,'blue','colour'), equal(x1, 1, 'size'))}, X)"
452,5,There is a small blue,oozefhavib,I dont know. ,n,
453,5,There is a small blue,psbaqbrwjt,"All the green blocks are as big or bigger than the blue blocks, with at least one blue block",d,"exists(function(x1){forall(function(x2){and(equal(x1,'blue','colour'), or(not(equal(x2,'green','colour')), grequal(x2,x1,'size')))}, X)}, X)"
454,5,There is a small blue,wsuhwfjzbr,There has to be a small blue triangle present.,c,"exists(function(x1){and(equal(x1,'blue','colour'), equal(x1, 1, 'size'))}, X)"
455,5,There is a small blue,aezlpkseyg,I dont know.,n,
456,5,There is a small blue,uizgidkvdm,Stars seem to come out of kovas if there is at least one small blue kovas.,c,"exists(function(x1){and(equal(x1,'blue','colour'), equal(x1, 1, 'size'))}, X)"
457,5,There is a small blue,nvnrkksmit,Each must have a small and a medium blue block,o,"exists(function(x1){exists(function(x2){and(and(and(equal(x1,'blue','colour'),equal(x2,'blue','colour')), equal(x1,1,'size')), equal(x2, 2, 'size'))}, X)}, X)"
458,5,There is a small blue,walbpcrtau,There should be one large green target and two small targets of another color.,d,"exists(function(x1){exactly(function(x2){and(and(equal(x1,'green','colour'),equal(x1,3,'size')), not(equal(x2,x1,'colour')))}, 2, X)}, X)"
459,5,There is a small blue,toafksdbom,There needs to be a small or medium pimwit. ,d,
460,5,There is a small blue,xcmvwgxolf,there has to be a small blue,c,"exists(function(x1){and(equal(x1,'blue','colour'), equal(x1, 1, 'size'))}, X)"
461,5,There is a small blue,agkyeueoas,There must be at least one little blue block to make the stars come out.,c,"exists(function(x1){and(equal(x1,'blue','colour'), equal(x1, 1, 'size'))}, X)"
462,5,There is a small blue,grvepgozqb,A green bemmie must be larger than all blue bemmies.,d,"forall(function(x1){forall(function(x2){or(not(equal(x1,'blue','colour')), or(not(equal(x2,'green','colour')), grequal(x2,x1,'size')))}, X)}, X)"
463,5,There is a small blue,hccfdfsuum,All blocks should be small,u,"forall(function(x1){equal(x1,1,'size')}, X)"
464,5,There is a small blue,geopmvlndi,I think there has to be at least 2 blue tigs for the stars to come out.,d,"atleast(function(x1){equal(x1,'blue','colour')}, 2, X)"
465,5,There is a small blue,zbggjxcvuu,"i dont know, stumped",n,
466,5,There is a small blue,iadryrexqo,"I think that yoks show a star as long as as there is at least one blue object, and at least two green objects. So, if there was one green object and no blue object, there would be no star, but if there were two green, one blue and 0 to any number of red, there would be a star.",d,"atleast(function(x1){atleast(function(x2){and(equal(x1,'blue','colour'), equal(x2,'green','colour'))}, 2, X)},1, X)"
467,5,There is a small blue,vltlpgocqb,A small blue triangle has to be present,c,"exists(function(x1){and(equal(x1,'blue','colour'), equal(x1, 1, 'size'))}, X)"
468,5,There is a small blue,hxgoohdfvi,I think there has two be at least one small block and one larger block touchingeach other and at least three blocks pointing straight up.,d,"atleast(function(x1){atleast(function(x2){atleast(function(x3){and(and(equal(x1,1,'size'), greater(x2,x1,'size')), equal(x3,'upright','orientation'))}, 4, X)}, 1, X)},1, X)"
469,5,There is a small blue,conmvlhlgo,It must contain at least five blocks.,d,"atleast(function(x1){T}, 5,X)"
470,5,There is a small blue,mznmogndzw,blue triangle has to be standing up not on the sides.,d,"exists(function(x1){and(equal(x1,'blue','colour'), equal(x1, 'upright','orientation'))}, X)"
471,5,There is a small blue,rlthgmsegt,"It was hard to say , but I think if I included medium or smaller sized items, stars would come out. All large seemed to not work.",v,"exists(function(x1){not(equal(x1,3,'size'))}, X)"
472,5,There is a small blue,xefdssuqsx,"There has to be one small blue triangle, and it has to be in an upright position",o,"exists(function(x1){and(and(equal(x1,'blue','colour'), equal(x1, 1, 'size')), equal(x1,'upright','orientation'))}, X)"
473,5,There is a small blue,mikejpbltc,You have to have at least one small blue kovas in order for the stars to shoot out. ,c,"exists(function(x1){and(equal(x1,'blue','colour'), equal(x1, 1, 'size'))}, X)"
474,5,There is a small blue,wxghchdwtc,I do not know. ,n,
475,5,There is a small blue,rzrpjzwpua,There needs to be a small blue triangle.,c,"exists(function(x1){and(equal(x1,'blue','colour'), equal(x1, 1, 'size'))}, X)"
476,5,There is a small blue,zblqdccjyg,I do not know,n,
477,5,There is a small blue,nsycrlsseg,There is at least one small green triangle.,d,"exists(function(x1){and(equal(x1,'green','colour'), equal(x1, 1, 'size'))}, X)"
478,5,There is a small blue,qoggilfnyb,i dont know,n,
479,5,There is a small blue,azkqsplqvx,The smallest blue block has to be present and one block has to be inside another block.,o,"exists(function(x1){exists(function(x2){exists(function(x3){and(and(equal(x1,'blue','colour'), equal(x1, 1, 'size')), hor(x2,x3,'inside'))}, X)}, X)}, X)"
480,5,There is a small blue,gxdhieftck,there must be at least one small blue block,c,"exists(function(x1){and(equal(x1,'blue','colour'), equal(x1, 1, 'size'))}, X)"
481,5,There is a small blue,zvqbvbzaox,There has to be at least a small triangle.,u,"atleast(function(x1){equal(x1, 1, 'size')}, 1,X)"
482,5,There is a small blue,fwbgjmzbof,There must be a small blue block,c,"exists(function(x1){and(equal(x1,'blue','colour'), equal(x1, 1, 'size'))}, X)"
483,5,There is a small blue,rdsmyidehb,"The crazier the design, the better your chances.",v,
,1,There is a red,qcgxizxcem,A red block must be being touched by another block.,o,"exists(function(x1){exists(function(x2){and(equal(x1,'red','colour'), hor(x1,x2,'contact'))}, X)}, X)"
,2,All are the same size,qcgxizxcem,bloks must be standing and no stack,d,"forall(function(x1){forall(function(x2){and(equal(x1,'orientation','upright'), not(hor(x1,x2,'stacked')))}, X)}, X)"
,3,Nothing is upright,qcgxizxcem,Two sideways blocks must be touching,d,"exists(function(x1){exists(function(x2){and(and(hor(x1,x2,'contact'), not(equal(x1,'upright','orientation'))), not(equal(x2,'upright','orientation')))}, X)}, X)"
,4,One is blue,qcgxizxcem,"I think blue must be the most common color, and there must be a medium blue block.",d,"exists(function(x1){and(equal(x1,'blue','colour'), equal(x1,2,'size'))}, X)"
,5,There is a small blue,qcgxizxcem,At least two blocks must be blue.,d,"atleast(function(x1){equal(x1, 'blue','colour')}, 2, X)"